id,name,party,party_id,district,image,website,email,twitter,identifier__represent
10524,Marc Garneau,Liberal,liberal,Notre-Dame-de-Grâce—Westmount,http://www.parl.gc.ca/Parliamentarians/Images/OfficialMPPhotos/42/GarneauMarc_Lib.jpg,http://marcgarneau.liberal.ca/en,marc.garneau@parl.gc.ca,,10524
1209,Gerry Ritz,Conservative,conservative,Battlefords—Lloydminster,http://www.parl.gc.ca/Parliamentarians/Images/OfficialMPPhotos/42/RitzGerry_CPC.jpg,http://gerryritz.ca,gerry.ritz@parl.gc.ca,,1209
1265,Ralph Goodale,Liberal,liberal,Regina—Wascana,http://www.parl.gc.ca/Parliamentarians/Images/OfficialMPPhotos/42/GoodaleRalph_Lib.jpg,http://ralphgoodale.ca,ralph.goodale@parl.gc.ca,,1265
1287,Deepak Obhrai,Conservative,conservative,Calgary Forest Lawn,http://www.parl.gc.ca/Parliamentarians/Images/OfficialMPPhotos/42/ObhraiDeepak_CPC.jpg,http://deepakobhrai.com,deepak.obhrai@parl.gc.ca,https://twitter.com/reelectdeepak,1287
1302,Jason Kenney,Conservative,conservative,Calgary Midnapore,http://www.parl.gc.ca/Parliamentarians/Images/OfficialMPPhotos/42/KenneyJason_CPC.jpg,http://jasonkenney.ca,jason.kenney@parl.gc.ca,,1302
13218,Yvonne Jones,Liberal,liberal,Labrador,http://www.parl.gc.ca/Parliamentarians/Images/OfficialMPPhotos/42/JonesYvonne_Lib.jpg,,Yvonne.Jones@parl.gc.ca,,13218
1589,Hedy Fry,Liberal,liberal,Vancouver Centre,http://www.parl.gc.ca/Parliamentarians/Images/OfficialMPPhotos/42/FryHedy_Lib.jpg,,hedy.fry@parl.gc.ca,,1589
15975,Tony Clement,Conservative,conservative,Parry Sound—Muskoka,http://www.parl.gc.ca/Parliamentarians/Images/OfficialMPPhotos/42/ClementTony_CPC.jpg,http://tonyclement.ca,tony.clement@parl.gc.ca,https://twitter.com/TonyclementCPC,15975
16399,Peter Julian,NDP,ndp,New Westminster—Burnaby,http://www.parl.gc.ca/Parliamentarians/Images/OfficialMPPhotos/42/JulianPeter_NDP.jpg,http://peterjulian.ca,peter.julian@parl.gc.ca,,16399
1665,Hunter Tootoo,Liberal,liberal,Nunavut,http://www.parl.gc.ca/Parliamentarians/Images/OfficialMPPhotos/42/TootooHunter_Lib.jpg,,Hunter.Tootoo@parl.gc.ca,,1665
1733,Stephen Harper,Conservative,conservative,Calgary Heritage,http://www.parl.gc.ca/Parliamentarians/Images/OfficialMPPhotos/42/HarperStephen_CPC.jpg,,stephen.harper@parl.gc.ca,,1733
1760,Geoff Regan,Liberal,liberal,Halifax West,http://www.parl.gc.ca/Parliamentarians/Images/OfficialMPPhotos/42/ReganGeoff_Lib.jpg,http://geoffregan.ca,geoff.regan@parl.gc.ca,,1760
1787,Judy A. Sgro,Liberal,liberal,Humber River—Black Creek,http://www.parl.gc.ca/Parliamentarians/Images/OfficialMPPhotos/42/SgroJudy_Lib.jpg,,judy.sgro@parl.gc.ca,,1787
1795,David Anderson,Conservative,conservative,Cypress Hills—Grasslands,http://www.parl.gc.ca/Parliamentarians/Images/OfficialMPPhotos/42/AndersonDavid_CPC.jpg,http://davidanderson.ca,david.anderson@parl.gc.ca,https://twitter.com/DavidAndersonSK,1795
1796,Larry Bagnell,Liberal,liberal,Yukon,http://www.parl.gc.ca/Parliamentarians/Images/OfficialMPPhotos/42/BagnellLarry_Lib.jpg,,Larry.Bagnell@parl.gc.ca,,1796
1804,Rodger Cuzner,Liberal,liberal,Cape Breton—Canso,http://www.parl.gc.ca/Parliamentarians/Images/OfficialMPPhotos/42/CuznerRodger_Lib.jpg,http://rodgercuzner.liberal.ca,rodger.cuzner@parl.gc.ca,,1804
1806,Mark Eyking,Liberal,liberal,Sydney—Victoria,http://www.parl.gc.ca/Parliamentarians/Images/OfficialMPPhotos/42/EykingMark_Lib.jpg,http://markeyking.liberal.ca,mark.eyking@parl.gc.ca,,1806
1809,Cheryl Gallant,Conservative,conservative,Renfrew—Nipissing—Pembroke,http://www.parl.gc.ca/Parliamentarians/Images/OfficialMPPhotos/42/GallantCheryl_CPC.jpg,http://cherylgallant.com,cheryl.gallant@parl.gc.ca,https://twitter.com/cherylgallant,1809
1813,Dominic LeBlanc,Liberal,liberal,Beauséjour,http://www.parl.gc.ca/Parliamentarians/Images/OfficialMPPhotos/42/LeblancDominic_Lib.jpg,http://dominicleblanc.ca,dominic.leblanc@parl.gc.ca,,1813
1817,John McCallum,Liberal,liberal,Markham—Thornhill,http://www.parl.gc.ca/Parliamentarians/Images/OfficialMPPhotos/42/McCallumJohn_LIB.jpg,http://johnmccallum.ca,john.mccallum@parl.gc.ca,,1817
1825,Joe Peschisolido,Liberal,liberal,Steveston—Richmond East,http://www.parl.gc.ca/Parliamentarians/Images/OfficialMPPhotos/42/PeschisolidoJoe_Lib.jpg,,Joe.Peschisolido@parl.gc.ca,,1825
1827,Scott Reid,Conservative,conservative,Lanark—Frontenac—Kingston,http://www.parl.gc.ca/Parliamentarians/Images/OfficialMPPhotos/42/ReidScott_CPC.jpg,http://scottreid.ca,scott.reid@parl.gc.ca,,1827
1832,Kevin Sorenson,Conservative,conservative,Battle River—Crowfoot,http://www.parl.gc.ca/Parliamentarians/Images/OfficialMPPhotos/42/SorensonKevin_CPC.jpg,http://kevinsorenson.ca,kevin.sorenson@parl.gc.ca,,1832
198,Denis Paradis,Liberal,liberal,Brome—Missisquoi,http://www.parl.gc.ca/Parliamentarians/Images/OfficialMPPhotos/42/ParadisDenis_Lib.jpg,http://dparadis.liberal.ca/en,Denis.Paradis@parl.gc.ca,,198
232,Christine Moore,NDP,ndp,Abitibi—Témiscamingue,http://www.parl.gc.ca/Parliamentarians/Images/OfficialMPPhotos/42/MooreChristine_NPD.jpg,http://christinemoore.ndp.ca,Christine.Moore@parl.gc.ca,,232
23915,Guy Caron,NDP,ndp,Rimouski-Neigette—Témiscouata—Les Basques,http://www.parl.gc.ca/Parliamentarians/Images/OfficialMPPhotos/42/CaronGuy_NDP.jpg,http://guycaron.ndp.ca,Guy.Caron@parl.gc.ca,,23915
25446,Dean Allison,Conservative,conservative,Niagara West,http://www.parl.gc.ca/Parliamentarians/Images/OfficialMPPhotos/42/AllisonDean_CPC.jpg,http://deanallison.ca,dean.allison@parl.gc.ca,,25446
25447,Rona Ambrose,Conservative,conservative,Sturgeon River—Parkland,http://www.parl.gc.ca/Parliamentarians/Images/OfficialMPPhotos/42/AmbroseRona_CPC.jpg,http://ronaambrose.com,rona.ambrose@parl.gc.ca,https://twitter.com/RonaAmbrose,25447
25449,Yasmin Ratansi,Liberal,liberal,Don Valley East,http://www.parl.gc.ca/Parliamentarians/Images/OfficialMPPhotos/42/RatansiYasmin_LIB.jpg,,Yasmin.Ratansi@parl.gc.ca,,25449
25451,Pablo Rodriguez,Liberal,liberal,Honoré-Mercier,http://www.parl.gc.ca/Parliamentarians/Images/OfficialMPPhotos/42/RodriguezPablo_Lib.jpg,,Pablo.Rodriguez@parl.gc.ca,,25451
25452,Anthony Rota,Liberal,liberal,Nipissing—Timiskaming,http://www.parl.gc.ca/Parliamentarians/Images/OfficialMPPhotos/42/RotaAnthony_Lib.jpg,,Anthony.Rota@parl.gc.ca,,25452
25453,Francis Scarpaleggia,Liberal,liberal,Lac-Saint-Louis,http://www.parl.gc.ca/Parliamentarians/Images/OfficialMPPhotos/42/ScarpaleggiaFrancis_Lib.jpg,,francis.scarpaleggia@parl.gc.ca,,25453
25454,Andrew Scheer,Conservative,conservative,Regina—Qu'Appelle,http://www.parl.gc.ca/Parliamentarians/Images/OfficialMPPhotos/42/ScheerAndrew_CPC.jpg,http://www.andrewmp.ca,andrew.scheer@parl.gc.ca,,25454
25456,Scott Simms,Liberal,liberal,Coast of Bays—Central—Notre Dame,http://www.parl.gc.ca/Parliamentarians/Images/OfficialMPPhotos/42/SimmsScott_Lib.jpg,,scott.simms@parl.gc.ca,,25456
25461,David Tilson,Conservative,conservative,Dufferin—Caledon,http://www.parl.gc.ca/Parliamentarians/Images/OfficialMPPhotos/42/TilsonDavid_CPC.jpg,http://davidtilson.ca,david.tilson@parl.gc.ca,,25461
25462,Brad Trost,Conservative,conservative,Saskatoon—University,http://www.parl.gc.ca/Parliamentarians/Images/OfficialMPPhotos/42/TrostBrad_CPC.jpg,http://bradtrost.ca,brad.trost@parl.gc.ca,,25462
25465,Peter Van Loan,Conservative,conservative,York—Simcoe,http://www.parl.gc.ca/Parliamentarians/Images/OfficialMPPhotos/42/VanLoanPeter_CPC.jpg,http://petervanloan.com,peter.vanloan@parl.gc.ca,,25465
25467,Mark Warawa,Conservative,conservative,Langley—Aldergrove,http://www.parl.gc.ca/Parliamentarians/Images/OfficialMPPhotos/42/WarawaMark_CPC.jpg,http://markwarawa.com,mark.warawa@parl.gc.ca,https://twitter.com/MPmarkwarawa,25467
25468,Borys Wrzesnewskyj,Liberal,liberal,Etobicoke Centre,http://www.parl.gc.ca/Parliamentarians/Images/OfficialMPPhotos/42/WrzesnewskyjBorys_Lib.jpg,,Borys.Wrzesnewskyj@parl.gc.ca,https://twitter.com/BorysWrz,25468
25470,Charlie Angus,NDP,ndp,Timmins—James Bay,http://www.parl.gc.ca/Parliamentarians/Images/OfficialMPPhotos/42/AngusCharlie_NDP.jpg,http://charlieangus.ndp.ca,charlie.angus@parl.gc.ca,,25470
25471,Navdeep Bains,Liberal,liberal,Mississauga—Malton,http://www.parl.gc.ca/Parliamentarians/Images/OfficialMPPhotos/42/BainsNavdeep_Lib.jpg,,Navdeep.Bains@parl.gc.ca,,25471
25475,James Bezan,Conservative,conservative,Selkirk—Interlake—Eastman,http://www.parl.gc.ca/Parliamentarians/Images/OfficialMPPhotos/42/BezanJames_CPC.jpg,http://jamesbezan.com,james.bezan@parl.gc.ca,,25475
25483,Gordon Brown,Conservative,conservative,Leeds—Grenville—Thousand Islands and Rideau Lakes,http://www.parl.gc.ca/Parliamentarians/Images/OfficialMPPhotos/42/BrownGordon_CPC.jpg,http://gordbrownmp.ca,gord.brown@parl.gc.ca,,25483
25486,Colin Carrie,Conservative,conservative,Oshawa,http://www.parl.gc.ca/Parliamentarians/Images/OfficialMPPhotos/42/CarrieColin_CPC.jpg,http://colincarriemp.ca,colin.carrie@parl.gc.ca,https://twitter.com/ColinCarrie,25486
25488,Michael Chong,Conservative,conservative,Wellington—Halton Hills,http://www.parl.gc.ca/Parliamentarians/Images/OfficialMPPhotos/42/ChongMichael_CPC.jpg,http://michaelchong.ca,michael.chong@parl.gc.ca,,25488
25489,David Christopherson,NDP,ndp,Hamilton Centre,http://www.parl.gc.ca/Parliamentarians/Images/OfficialMPPhotos/42/ChristophersonDavid_NDP.jpg,http://davidchristopherson.ca,david.christopherson@parl.gc.ca,,25489
25493,Nathan Cullen,NDP,ndp,Skeena—Bulkley Valley,http://www.parl.gc.ca/Parliamentarians/Images/OfficialMPPhotos/42/CullenNathan_NDP.jpg,http://nathancullen.ca,nathan.cullen@parl.gc.ca,,25493
25501,Diane Finley,Conservative,conservative,Haldimand—Norfolk,http://www.parl.gc.ca/Parliamentarians/Images/OfficialMPPhotos/42/FinleyDiane_CPC.jpg,http://dianefinley.ca,diane.finley@parl.gc.ca,,25501
25508,Mark Holland,Liberal,liberal,Ajax,http://www.parl.gc.ca/Parliamentarians/Images/OfficialMPPhotos/42/HollandMark_Lib.jpg,,Mark.Holland@parl.gc.ca,,25508
25516,Guy Lauzon,Conservative,conservative,Stormont—Dundas—South Glengarry,http://www.parl.gc.ca/Parliamentarians/Images/OfficialMPPhotos/42/LauzonGuy_CPC.jpg,,guy.lauzon@parl.gc.ca,,25516
25520,Tom Lukiwski,Conservative,conservative,Moose Jaw—Lake Centre—Lanigan,http://www.parl.gc.ca/Parliamentarians/Images/OfficialMPPhotos/42/LukiwskiTom_CPC.jpg,http://tomlukiwski.ca,tom.lukiwski@parl.gc.ca,,25520
25522,Larry Miller,Conservative,conservative,Bruce—Grey—Owen Sound,http://www.parl.gc.ca/Parliamentarians/Images/OfficialMPPhotos/42/MillerLarry_CPC.jpg,,larry.miller@parl.gc.ca,https://twitter.com/LarryMillerMP,25522
25524,Pierre Poilievre,Conservative,conservative,Carleton,http://www.parl.gc.ca/Parliamentarians/Images/OfficialMPPhotos/42/PoilievrePierre_CPC.jpg,http://pierremp.ca,pierre.poilievre@parl.gc.ca,,25524
26684,Thomas Mulcair,NDP,ndp,Outremont,http://www.parl.gc.ca/Parliamentarians/Images/OfficialMPPhotos/42/MulcairThomas_NDP.jpg,,thomas.mulcair@parl.gc.ca,,26684
2897,Elizabeth May,Green Party,green_party,Saanich—Gulf Islands,http://www.parl.gc.ca/Parliamentarians/Images/OfficialMPPhotos/42/MayElizabeth_GP.jpg,http://elizabethmaymp.ca,Elizabeth.May@parl.gc.ca,,2897
30552,Kevin Lamoureux,Liberal,liberal,Winnipeg North,http://www.parl.gc.ca/Parliamentarians/Images/OfficialMPPhotos/42/LamoureuxKevin_Lib.jpg,http://www.mpkevin.ca,kevin.lamoureux@parl.gc.ca,,30552
30812,Alice Wong,Conservative,conservative,Richmond Centre,http://www.parl.gc.ca/Parliamentarians/Images/OfficialMPPhotos/42/WongAlice_CPC.jpg,http://alicewong.ca,alice.wong@parl.gc.ca,,30812
31098,Sukh Dhaliwal,Liberal,liberal,Surrey—Newton,http://www.parl.gc.ca/Parliamentarians/Images/OfficialMPPhotos/42/DhaliwalSukh_Lib.jpg,,Sukh.Dhaliwal@parl.gc.ca,,31098
31119,Terry Duguid,Liberal,liberal,Winnipeg South,http://www.parl.gc.ca/Parliamentarians/Images/OfficialMPPhotos/42/DuguidTerry_Lib.jpg,,Terry.Duguid@parl.gc.ca,,31119
31289,Carol Hughes,NDP,ndp,Algoma—Manitoulin—Kapuskasing,http://www.parl.gc.ca/Parliamentarians/Images/OfficialMPPhotos/42/HughesCarol_NDP.jpg,http://carolhughes.ndp.ca,carol.hughes@parl.gc.ca,,31289
31664,Bev Shipley,Conservative,conservative,Lambton—Kent—Middlesex,http://www.parl.gc.ca/Parliamentarians/Images/OfficialMPPhotos/42/ShipleyBev_CPC.jpg,http://bevshipley.ca,bev.shipley@parl.gc.ca,https://twitter.com/BevShipleyMP,31664
31701,Kennedy Stewart,NDP,ndp,Burnaby South,http://www.parl.gc.ca/Parliamentarians/Images/OfficialMPPhotos/42/StewartKennedy_NDP.jpg,,Kennedy.Stewart@parl.gc.ca,,31701
31715,David Sweet,Conservative,conservative,Flamborough—Glanbrook,http://www.parl.gc.ca/Parliamentarians/Images/OfficialMPPhotos/42/SweetDavid_CPC.jpg,http://davidsweet.ca,david.sweet@parl.gc.ca,,31715
31765,Dave Van Kesteren,Conservative,conservative,Chatham-Kent—Leamington,http://www.parl.gc.ca/Parliamentarians/Images/OfficialMPPhotos/42/VanKesterenDave_CPC.jpg,http://davevankesteren.ca,dave.vankesteren@parl.gc.ca,,31765
31796,Erin Weir,NDP,ndp,Regina—Lewvan,http://www.parl.gc.ca/Parliamentarians/Images/OfficialMPPhotos/42/WeirErin_NDP.jpg,http://erinweir.com,Erin.Weir@parl.gc.ca,,31796
33,Lawrence MacAulay,Liberal,liberal,Cardigan,http://www.parl.gc.ca/Parliamentarians/Images/OfficialMPPhotos/42/MacAulayLawrence_Lib.jpg,,lawrence.macaulay@parl.gc.ca,,33
35309,Maxime Bernier,Conservative,conservative,Beauce,http://www.parl.gc.ca/Parliamentarians/Images/OfficialMPPhotos/42/BernierMaxime_CPC.jpg,http://maximebernier.com,maxime.bernier@parl.gc.ca,,35309
35320,Sylvie Boucher,Conservative,conservative,Beauport—Côte-de-Beaupré—Île d'Orléans—Charlevoix,http://www.parl.gc.ca/Parliamentarians/Images/OfficialMPPhotos/42/BoucherSylvie_CPC.jpg,,Sylvie.Boucher@parl.gc.ca,,35320
35351,François Choquette,NDP,ndp,Drummond,http://www.parl.gc.ca/Parliamentarians/Images/OfficialMPPhotos/42/ChoquetteFrançois_NDP.jpg,http://francoischoquette.ndp.ca,Francois.Choquette@parl.gc.ca,,35351
35389,Steven Blaney,Conservative,conservative,Bellechasse—Les Etchemins—Lévis,http://www.parl.gc.ca/Parliamentarians/Images/OfficialMPPhotos/42/BlaneySteven_CPC.jpg,http://stevenblaney.ca,steven.blaney@parl.gc.ca,,35389
35397,Jacques Gourde,Conservative,conservative,Lévis—Lotbinière,http://www.parl.gc.ca/Parliamentarians/Images/OfficialMPPhotos/42/GourdeJaques_CPC.jpg,,jacques.gourde@parl.gc.ca,,35397
35539,Phil McColeman,Conservative,conservative,Brantford—Brant,http://www.parl.gc.ca/Parliamentarians/Images/OfficialMPPhotos/42/McColemanPhil_CPC.jpg,http://philmccolemanmp.ca,phil.mccoleman@parl.gc.ca,https://twitter.com/Phil4Brant,35539
35600,Ben Lobb,Conservative,conservative,Huron—Bruce,http://www.parl.gc.ca/Parliamentarians/Images/OfficialMPPhotos/42/LobbBen_CPC.jpg,http://benlobb.com,ben.lobb@parl.gc.ca,,35600
35607,Harold Albrecht,Conservative,conservative,Kitchener—Conestoga,http://www.parl.gc.ca/Parliamentarians/Images/OfficialMPPhotos/42/AlbrechtHarold_CPC.jpg,http://haroldalbrechtmp.ca,harold.albrecht@parl.gc.ca,https://twitter.com/Albrecht4KitCon,35607
35699,Peter Kent,Conservative,conservative,Thornhill,http://www.parl.gc.ca/Parliamentarians/Images/OfficialMPPhotos/42/KentPeter_CPC.jpg,,peter.kent@parl.gc.ca,https://twitter.com/KentThornhillMP,35699
35724,Bruce Stanton,Conservative,conservative,Simcoe North,http://www.parl.gc.ca/Parliamentarians/Images/OfficialMPPhotos/42/StantonBruce_CPC.jpg,http://brucestantonmp.ca,bruce.stanton@parl.gc.ca,https://twitter.com/bruce_stanton,35724
35857,Mike Lake,Conservative,conservative,Edmonton—Wetaskiwin,http://www.parl.gc.ca/Parliamentarians/Images/OfficialMPPhotos/42/LakeMike_CPC.jpg,,mike.lake@parl.gc.ca,https://twitter.com/MikeLakeMP,35857
35873,Linda Duncan,NDP,ndp,Edmonton Strathcona,http://www.parl.gc.ca/Parliamentarians/Images/OfficialMPPhotos/42/DuncanLinda_NDP.jpg,http://lindaduncanmp.ca,linda.duncan@parl.gc.ca,,35873
35886,Chris Warkentin,Conservative,conservative,Grande Prairie—Mackenzie,http://www.parl.gc.ca/Parliamentarians/Images/OfficialMPPhotos/42/WarkentinChris_CPC.jpg,http://chriswarkentin.com,chris.warkentin@parl.gc.ca,,35886
35897,Blaine Calkins,Conservative,conservative,Red Deer—Lacombe,http://www.parl.gc.ca/Parliamentarians/Images/OfficialMPPhotos/42/CalkinsBlaine_CPC.jpg,http://blainecalkinsmp.ca,blaine.calkins@parl.gc.ca,https://twitter.com/blainecalkinsmp,35897
35904,Ed Fast,Conservative,conservative,Abbotsford,http://www.parl.gc.ca/Parliamentarians/Images/OfficialMPPhotos/42/FastEd_CPC.jpg,http://edfast.ca,ed.fast@parl.gc.ca,,35904
35950,Joyce Murray,Liberal,liberal,Vancouver Quadra,http://www.parl.gc.ca/Parliamentarians/Images/OfficialMPPhotos/42/MurrayJoyce_Lib.jpg,http://joycemurray.ca,joyce.murray@parl.gc.ca,,35950
36037,Niki Ashton,NDP,ndp,Churchill—Keewatinook Aski,http://www.parl.gc.ca/Parliamentarians/Images/OfficialMPPhotos/42/AshtonNiki_NDP.jpg,http://nikiashton.ndp.ca,niki.ashton@parl.gc.ca,,36037
376,Mario Beaulieu,Bloc Québécois,bloc_québécois,La Pointe-de-l'Île,http://www.parl.gc.ca/Parliamentarians/Images/OfficialMPPhotos/42/BeaulieuMario_BQ.jpg,,Mario.Beaulieu@parl.gc.ca,,376
38633,Denis Lebel,Conservative,conservative,Lac-Saint-Jean,http://www.parl.gc.ca/Parliamentarians/Images/OfficialMPPhotos/42/LebelDenis_CPC.jpg,,denis.lebel@parl.gc.ca,,38633
413,Louis Plamondon,Bloc Québécois,bloc_québécois,Bécancour—Nicolet—Saurel,http://www.parl.gc.ca/Parliamentarians/Images/OfficialMPPhotos/42/PlamondonLouis_BQ.jpg,,louis.plamondon@parl.gc.ca,,413
43,Wayne Easter,Liberal,liberal,Malpeque,http://www.parl.gc.ca/Parliamentarians/Images/OfficialMPPhotos/42/EasterWayne_Lib.jpg,,wayne.easter@parl.gc.ca,,43
460,Stéphane Dion,Liberal,liberal,Saint-Laurent,http://www.parl.gc.ca/Parliamentarians/Images/OfficialMPPhotos/42/DionStéphane_Lib.jpg,http://stephanedion.liberal.ca/en,stephane.dion@parl.gc.ca,,460
48292,Jim Eglinski,Conservative,conservative,Yellowhead,http://www.parl.gc.ca/Parliamentarians/Images/OfficialMPPhotos/42/EglinskiJim_CPC.jpg,http://jimeglinski.ca,Jim.Eglinski@parl.gc.ca,,48292
51,Bill Casey,Liberal,liberal,Cumberland—Colchester,http://www.parl.gc.ca/Parliamentarians/Images/OfficialMPPhotos/42/CaseyBill_Lib.jpg,,Bill.Casey@parl.gc.ca,,51
53569,Brigitte Sansoucy,NDP,ndp,Saint-Hyacinthe—Bagot,http://www.parl.gc.ca/Parliamentarians/Images/OfficialMPPhotos/42/SansoucyBrigitte_NDP.jpg,http://brigittesansoucy.ndp.ca,Brigitte.Sansoucy@parl.gc.ca,,53569
54325,Lisa Raitt,Conservative,conservative,Milton,http://www.parl.gc.ca/Parliamentarians/Images/OfficialMPPhotos/42/RaittLisa_CPC.jpg,http://lisaraittmp.ca,lisa.raitt@parl.gc.ca,https://twitter.com/lraitt,54325
54434,Adam Vaughan,Liberal,liberal,Spadina—Fort York,http://www.parl.gc.ca/Parliamentarians/Images/OfficialMPPhotos/42/VaughanAdam_Lib.jpg,,Adam.Vaughan@parl.gc.ca,,54434
58519,Judy Foote,Liberal,liberal,Bonavista—Burin—Trinity,http://www.parl.gc.ca/Parliamentarians/Images/OfficialMPPhotos/42/FooteJudy_Lib.jpg,,judy.foote@parl.gc.ca,,58519
58621,Alexandra Mendès,Liberal,liberal,Brossard—Saint-Lambert,http://www.parl.gc.ca/Parliamentarians/Images/OfficialMPPhotos/42/MendesAlexandra_Lib.jpg,http://https://www.facebook.com/AlexandraMendesLiberal2015,Alexandra.Mendes@parl.gc.ca,,58621
58707,Pierre Breton,Liberal,liberal,Shefford,http://www.parl.gc.ca/Parliamentarians/Images/OfficialMPPhotos/42/BretonPierre_Lib.jpg,,Pierre.Breton@parl.gc.ca,,58707
58733,Justin Trudeau,Liberal,liberal,Papineau,http://www.parl.gc.ca/Parliamentarians/Images/OfficialMPPhotos/42/TrudeauJustin_LIB.jpg,,justin.trudeau@parl.gc.ca,,58733
58775,Alexandre Boulerice,NDP,ndp,Rosemont—La Petite-Patrie,http://www.parl.gc.ca/Parliamentarians/Images/OfficialMPPhotos/42/BoulericeAlexandre_NDP.jpg,http://www.boulerice.org,Alexandre.Boulerice@parl.gc.ca,,58775
58806,Eva Nassif,Liberal,liberal,Vimy,http://www.parl.gc.ca/Parliamentarians/Images/OfficialMPPhotos/42/NassifEva_Lib.jpg,,Eva.Nassif@parl.gc.ca,,58806
58858,Robert Oliphant,Liberal,liberal,Don Valley West,http://www.parl.gc.ca/Parliamentarians/Images/OfficialMPPhotos/42/OliphantRobert_Lib.jpg,http://roboliphantmp.ca,Rob.Oliphant@parl.gc.ca,,58858
58877,Kirsty Duncan,Liberal,liberal,Etobicoke North,http://www.parl.gc.ca/Parliamentarians/Images/OfficialMPPhotos/42/DuncanKirsty_Lib.jpg,,kirsty.duncan@parl.gc.ca,,58877
58878,Bob Saroya,Conservative,conservative,Markham—Unionville,http://www.parl.gc.ca/Parliamentarians/Images/OfficialMPPhotos/42/SaroyaBob_CPC.jpg,http://bobsaroya.ca,Bob.Saroya@parl.gc.ca,https://twitter.com/BobSaroya,58878
59110,Candice Bergen,Conservative,conservative,Portage—Lisgar,http://www.parl.gc.ca/Parliamentarians/Images/OfficialMPPhotos/42/BergenCandice_CPC.jpg,,candice.bergen@parl.gc.ca,https://twitter.com/CandiceBergenMP,59110
59148,Randy Hoback,Conservative,conservative,Prince Albert,http://www.parl.gc.ca/Parliamentarians/Images/OfficialMPPhotos/42/HobackRandy_CPC.jpg,http://mprandyhoback.ca,randy.hoback@parl.gc.ca,,59148
59156,Kelly Block,Conservative,conservative,Carlton Trail—Eagle Creek,http://www.parl.gc.ca/Parliamentarians/Images/OfficialMPPhotos/42/BlockKelly_CPC.jpg,http://kellyblockmp.ca,kelly.block@parl.gc.ca,,59156
59226,Earl Dreeshen,Conservative,conservative,Red Deer—Mountain View,http://www.parl.gc.ca/Parliamentarians/Images/OfficialMPPhotos/42/DreeshenEarl_CPC.jpg,http://earldreeshen.ca,earl.dreeshen@parl.gc.ca,https://twitter.com/earl_dreeshen,59226
59235,Blake Richards,Conservative,conservative,Banff—Airdrie,http://www.parl.gc.ca/Parliamentarians/Images/OfficialMPPhotos/42/RichardsBlake_CPC.jpg,http://blakerichards.ca,blake.richards@parl.gc.ca,https://twitter.com/BlakeRichardsMP,59235
59265,Cathy McLeod,Conservative,conservative,Kamloops—Thompson—Cariboo,http://www.parl.gc.ca/Parliamentarians/Images/OfficialMPPhotos/42/McLeodCathy_CPC.jpg,http://cathymcleod.ca,cathy.mcleod@parl.gc.ca,,59265
59293,Ron McKinnon,Liberal,liberal,Coquitlam—Port Coquitlam,http://www.parl.gc.ca/Parliamentarians/Images/OfficialMPPhotos/42/McKinnonRon_Lib.jpg,http://ronmckinnon.org,Ron.McKinnon@parl.gc.ca,,59293
59325,Don Davies,NDP,ndp,Vancouver Kingsway,http://www.parl.gc.ca/Parliamentarians/Images/OfficialMPPhotos/42/DaviesDon_NDP.jpg,http://dondavies.ca,don.davies@parl.gc.ca,,59325
60078,Murray Rankin,NDP,ndp,Victoria,http://www.parl.gc.ca/Parliamentarians/Images/OfficialMPPhotos/42/RankinMurray_NDP.jpg,http://murrayrankin.ndp.ca,Murray.Rankin@parl.gc.ca,,60078
63592,Fin Donnelly,NDP,ndp,Port Moody—Coquitlam,http://www.parl.gc.ca/Parliamentarians/Images/OfficialMPPhotos/42/DonnellyFin_NDP.jpg,http://findonnelly.ca,fin.donnelly@parl.gc.ca,,63592
63908,Bernard Généreux,Conservative,conservative,Montmagny—L'Islet—Kamouraska—Rivière-du-Loup,http://www.parl.gc.ca/Parliamentarians/Images/OfficialMPPhotos/42/GénéreuxBernard_CPC.jpg,,Bernard.Genereux@parl.gc.ca,,63908
69488,Robert Sopuck,Conservative,conservative,Dauphin—Swan River—Neepawa,http://www.parl.gc.ca/Parliamentarians/Images/OfficialMPPhotos/42/SopuckRobert_CPC.jpg,http://robertsopuck.ca,robert.sopuck@parl.gc.ca,https://twitter.com/RobertSopuck,69488
709,Robert Nault,Liberal,liberal,Kenora,http://www.parl.gc.ca/Parliamentarians/Images/OfficialMPPhotos/42/NaultRobert_Lib.jpg,,Bob.Nault@parl.gc.ca,,709
71270,Sean Casey,Liberal,liberal,Charlottetown,http://www.parl.gc.ca/Parliamentarians/Images/OfficialMPPhotos/42/CaseySean_Lib.jpg,http://seancasey.ca,Sean.Casey@parl.gc.ca,,71270
71337,Angelo Iacono,Liberal,liberal,Alfred-Pellan,http://www.parl.gc.ca/Parliamentarians/Images/OfficialMPPhotos/42/IaconoAngelo_Lib.jpg,,Angelo.Iacono@parl.gc.ca,,71337
71350,Anne Minh-Thu Quach,NDP,ndp,Salaberry—Suroît,http://www.parl.gc.ca/Parliamentarians/Images/OfficialMPPhotos/42/QuachAnneMinhThu_NDP.jpg,http://anneminhthuquach.ndp.ca,AnneMinh-Thu.Quach@parl.gc.ca,,71350
71357,Ruth Ellen Brosseau,NDP,ndp,Berthier—Maskinongé,http://www.parl.gc.ca/Parliamentarians/Images/OfficialMPPhotos/42/BrosseauRuthEllen_NDP.jpg,http://ruthellenbrosseau.ndp.ca,RuthEllen.Brosseau@parl.gc.ca,,71357
71368,Matthew Dubé,NDP,ndp,Beloeil—Chambly,http://www.parl.gc.ca/Parliamentarians/Images/OfficialMPPhotos/42/DubéMatthew_NDP.jpg,,Matthew.Dube@parl.gc.ca,,71368
71395,Marjolaine Boutin-Sweet,NDP,ndp,Hochelaga,http://www.parl.gc.ca/Parliamentarians/Images/OfficialMPPhotos/42/BoutinSweetMarjolaine_NDP.jpg,http://marjolaineboutinsweet.ndp.ca,Marjolaine.Boutin-Sweet@parl.gc.ca,,71395
71434,Hélène Laverdière,NDP,ndp,Laurier—Sainte-Marie,http://www.parl.gc.ca/Parliamentarians/Images/OfficialMPPhotos/42/LaverdièreHélène_NDP.jpg,http://helenelaverdiere.ndp.ca,Helene.Laverdiere@parl.gc.ca,,71434
71447,Pierre Nantel,NDP,ndp,Longueuil—Saint-Hubert,http://www.parl.gc.ca/Parliamentarians/Images/OfficialMPPhotos/42/NantelPierre_NDP.jpg,http://pierrenantel.ndp.ca,Pierre.Nantel@parl.gc.ca,,71447
71454,Pierre Paul-Hus,Conservative,conservative,Charlesbourg—Haute-Saint-Charles,http://www.parl.gc.ca/Parliamentarians/Images/OfficialMPPhotos/42/PaulHusPierre_CPC.jpg,,Pierre.Paul-Hus@parl.gc.ca,,71454
71482,Romeo Saganash,NDP,ndp,Abitibi—Baie-James—Nunavik—Eeyou,http://www.parl.gc.ca/Parliamentarians/Images/OfficialMPPhotos/42/SaganashRomeo_NDP.jpg,http://romeosaganash.ndp.ca,Romeo.Saganash@parl.gc.ca,,71482
71529,Michel Picard,Liberal,liberal,Montarville,http://www.parl.gc.ca/Parliamentarians/Images/OfficialMPPhotos/42/PicardMichel_Lib.jpg,http://mpicard.liberal.ca/en,Michel.Picard@parl.gc.ca,,71529
71553,Pierre-Luc Dusseault,NDP,ndp,Sherbrooke,http://www.parl.gc.ca/Parliamentarians/Images/OfficialMPPhotos/42/DusseaultPierreLuc_NDP.jpg,http://pierrelucdusseault.ndp.ca,Pierre-Luc.Dusseault@parl.gc.ca,,71553
71560,Robert Aubin,NDP,ndp,Trois-Rivières,http://www.parl.gc.ca/Parliamentarians/Images/OfficialMPPhotos/42/AubinRobert_NDP.jpg,http://robertaubin.ndp.ca,Robert.Aubin@parl.gc.ca,,71560
71599,Bryan May,Liberal,liberal,Cambridge,http://www.parl.gc.ca/Parliamentarians/Images/OfficialMPPhotos/42/MayBryan_Lib.jpg,http://bryanmaymp.ca,Bryan.May@parl.gc.ca,https://twitter.com/Bryanmay17,71599
71602,Karen McCrimmon,Liberal,liberal,Kanata—Carleton,http://www.parl.gc.ca/Parliamentarians/Images/OfficialMPPhotos/42/McCrimmonKaren_Lib.jpg,http://kmccrimmon.liberal.ca,Karen.McCrimmon@parl.gc.ca,,71602
71692,Peter Fonseca,Liberal,liberal,Mississauga East—Cooksville,http://www.parl.gc.ca/Parliamentarians/Images/OfficialMPPhotos/42/FonsecaPeter_Lib.jpg,,Peter.Fonseca@parl.gc.ca,,71692
71702,Kyle Peterson,Liberal,liberal,Newmarket—Aurora,http://www.parl.gc.ca/Parliamentarians/Images/OfficialMPPhotos/42/PetersonKyle_Lib.jpg,http://kpeterson.liberal.ca,Kyle.Peterson@parl.gc.ca,,71702
71718,Kim Rudd,Liberal,liberal,Northumberland—Peterborough South,http://www.parl.gc.ca/Parliamentarians/Images/OfficialMPPhotos/42/RuddKim_Lib.jpg,,Kim.Rudd@parl.gc.ca,,71718
71738,Anita Vandenbeld,Liberal,liberal,Ottawa West—Nepean,http://www.parl.gc.ca/Parliamentarians/Images/OfficialMPPhotos/42/VandenbeldAnita_Lib.jpg,,Anita.Vandenbeld@parl.gc.ca,,71738
71786,K. Kellie Leitch,Conservative,conservative,Simcoe—Grey,http://www.parl.gc.ca/Parliamentarians/Images/OfficialMPPhotos/42/LeitchKKellie_CPC.jpg,http://kellieleitchmp.com,Kellie.Leitch@parl.gc.ca,https://twitter.com/KellieLeitch,71786
71902,Michelle Rempel,Conservative,conservative,Calgary Nose Hill,http://www.parl.gc.ca/Parliamentarians/Images/OfficialMPPhotos/42/RempelMichelle_CPC.jpg,http://michellerempel.ca,Michelle.Rempel@parl.gc.ca,https://twitter.com/MichelleRempel,71902
71945,Jim Hillyer,Conservative,conservative,Medicine Hat—Cardston—Warner,http://www.parl.gc.ca/Parliamentarians/Images/OfficialMPPhotos/42/HillyerJim_CPC.jpg,http://jimhillyer.com,Jim.Hillyer@parl.gc.ca,,71945
71986,Mark Strahl,Conservative,conservative,Chilliwack—Hope,http://www.parl.gc.ca/Parliamentarians/Images/OfficialMPPhotos/42/StrahlMark_CPC.jpg,http://markstrahl.com,Mark.Strahl@parl.gc.ca,https://twitter.com/markstrahl,71986
71995,Randall Garrison,NDP,ndp,Esquimalt—Saanich—Sooke,http://www.parl.gc.ca/Parliamentarians/Images/OfficialMPPhotos/42/GarrisonRandall_NDP.jpg,,Randall.Garrison@parl.gc.ca,,71995
72029,Dan Albas,Conservative,conservative,Central Okanagan—Similkameen—Nicola,http://www.parl.gc.ca/Parliamentarians/Images/OfficialMPPhotos/42/AlbasDan_CPC.jpg,http://www.danalbas.com,Dan.Albas@parl.gc.ca,,72029
72035,Bob Zimmer,Conservative,conservative,Prince George—Peace River—Northern Rockies,http://www.parl.gc.ca/Parliamentarians/Images/OfficialMPPhotos/42/ZimmerBob_CPC.jpg,http://www.bobzimmer.ca,Bob.Zimmer@parl.gc.ca,,72035
7251,Larry Maguire,Conservative,conservative,Brandon—Souris,http://www.parl.gc.ca/Parliamentarians/Images/OfficialMPPhotos/42/MaguireLarry_CPC.jpg,http://larrymaguire.ca,Larry.Maguire@parl.gc.ca,https://twitter.com/LarryMaguireMP,7251
72773,Erin O'Toole,Conservative,conservative,Durham,http://www.parl.gc.ca/Parliamentarians/Images/OfficialMPPhotos/42/OTooleErin_CPC.jpg,,Erin.OToole@parl.gc.ca,https://twitter.com/ErinOTooleMP,72773
74,Scott Brison,Liberal,liberal,Kings—Hants,http://www.parl.gc.ca/Parliamentarians/Images/OfficialMPPhotos/42/BrisonScott_Lib.jpg,,scott.brison@parl.gc.ca,,74
764,Irene Mathyssen,NDP,ndp,London—Fanshawe,http://www.parl.gc.ca/Parliamentarians/Images/OfficialMPPhotos/42/MathyssenIrene_NDP.jpg,http://irenemathyssen.ca,irene.mathyssen@parl.gc.ca,,764
820,Rob Nicholson,Conservative,conservative,Niagara Falls,http://www.parl.gc.ca/Parliamentarians/Images/OfficialMPPhotos/42/NicholsonRob_CPC.jpg,,rob.nicholson@parl.gc.ca,,820
84660,Emmanuel Dubourg,Liberal,liberal,Bourassa,http://www.parl.gc.ca/Parliamentarians/Images/OfficialMPPhotos/42/DubourgEmmanuel_Lib.jpg,http://emmanueldubourg.ca/en,Emmanuel.Dubourg@parl.gc.ca,,84660
84665,Chrystia Freeland,Liberal,liberal,University—Rosedale,http://www.parl.gc.ca/Parliamentarians/Images/OfficialMPPhotos/42/FreelandChrystia_LIB.jpg,http://chrystiafreeland.ca,Chrystia.Freeland@parl.gc.ca,,84665
84672,Ted Falk,Conservative,conservative,Provencher,http://www.parl.gc.ca/Parliamentarians/Images/OfficialMPPhotos/42/FalkTed_CPC.jpg,http://tedfalk.ca,Ted.Falk@parl.gc.ca,,84672
86249,Arnold Chan,Liberal,liberal,Scarborough—Agincourt,http://www.parl.gc.ca/Parliamentarians/Images/OfficialMPPhotos/42/ChanArnold_Lib.jpg,http://arnoldchan.liberal.ca,Arnold.Chan@parl.gc.ca,,86249
86260,David Yurdiga,Conservative,conservative,Fort McMurray—Cold Lake,http://www.parl.gc.ca/Parliamentarians/Images/OfficialMPPhotos/42/YurdigaDavid_CPC.jpg,http://davidyurdiga.ca,David.Yurdiga@parl.gc.ca,,86260
86261,John Barlow,Conservative,conservative,Foothills,http://www.parl.gc.ca/Parliamentarians/Images/OfficialMPPhotos/42/BarlowJohn_CPC.jpg,http://johnbarlowmp.ca,John.Barlow@parl.gc.ca,https://twitter.com/JohnBarlowMP,86261
86786,Celina Caesar-Chavannes,Liberal,liberal,Whitby,http://www.parl.gc.ca/Parliamentarians/Images/OfficialMPPhotos/42/CaesarChavannesCelina_Lib.jpg,,Celina.Caesar-Chavannes@parl.gc.ca,,86786
873,Mauril Bélanger,Liberal,liberal,Ottawa—Vanier,http://www.parl.gc.ca/Parliamentarians/Images/OfficialMPPhotos/42/BélangerMauril_Lib.jpg,http://mauril.ca/language/en,mauril.belanger@parl.gc.ca,,873
88283,Ken McDonald,Liberal,liberal,Avalon,http://www.parl.gc.ca/Parliamentarians/Images/OfficialMPPhotos/42/McDonaldKen_Lib.jpg,,Ken.McDonald@parl.gc.ca,,88283
88292,Gudie Hutchings,Liberal,liberal,Long Range Mountains,http://www.parl.gc.ca/Parliamentarians/Images/OfficialMPPhotos/42/HutchingsGudie_Lib.jpg,,Gudie.Hutchings@parl.gc.ca,,88292
88296,Nick Whalen,Liberal,liberal,St. John's East,http://www.parl.gc.ca/Parliamentarians/Images/OfficialMPPhotos/42/WhalenNick_Lib.jpg,,Nick.Whalen@parl.gc.ca,,88296
88299,Seamus O'Regan,Liberal,liberal,St. John's South—Mount Pearl,http://www.parl.gc.ca/Parliamentarians/Images/OfficialMPPhotos/42/OReganSeamus_Lib.jpg,,Seamus.ORegan@parl.gc.ca,,88299
88308,Robert Morrissey,Liberal,liberal,Egmont,http://www.parl.gc.ca/Parliamentarians/Images/OfficialMPPhotos/42/MorrisseyRobert_Lib.jpg,,Robert.Morrissey@parl.gc.ca,,88308
88316,Sean Fraser,Liberal,liberal,Central Nova,http://www.parl.gc.ca/Parliamentarians/Images/OfficialMPPhotos/42/FraserSean_Lib.jpg,,Sean.Fraser@parl.gc.ca,,88316
88323,Darren Fisher,Liberal,liberal,Dartmouth—Cole Harbour,http://www.parl.gc.ca/Parliamentarians/Images/OfficialMPPhotos/42/FisherDarren_Lib.jpg,http://darrenfisher.ca,Darren.Fisher@parl.gc.ca,,88323
88325,Andy Fillmore,Liberal,liberal,Halifax,http://www.parl.gc.ca/Parliamentarians/Images/OfficialMPPhotos/42/FillmoreAndy_Lib.jpg,,Andy.Fillmore@parl.gc.ca,,88325
88333,Darrell Samson,Liberal,liberal,Sackville—Preston—Chezzetcook,http://www.parl.gc.ca/Parliamentarians/Images/OfficialMPPhotos/42/SamsonDarrell_Lib.jpg,,Darrell.Samson@parl.gc.ca,,88333
88340,Bernadette Jordan,Liberal,liberal,South Shore—St. Margarets,http://www.parl.gc.ca/Parliamentarians/Images/OfficialMPPhotos/42/JordanBernadette_Lib.jpg,,Bernadette.Jordan@parl.gc.ca,,88340
88346,Colin Fraser,Liberal,liberal,West Nova,http://www.parl.gc.ca/Parliamentarians/Images/OfficialMPPhotos/42/FraserColin_Lib.jpg,,Colin.Fraser@parl.gc.ca,,88346
88350,Serge Cormier,Liberal,liberal,Acadie—Bathurst,http://www.parl.gc.ca/Parliamentarians/Images/OfficialMPPhotos/42/CormierSerge_LIB.jpg,,Serge.Cormier@parl.gc.ca,,88350
88355,Matt DeCourcey,Liberal,liberal,Fredericton,http://www.parl.gc.ca/Parliamentarians/Images/OfficialMPPhotos/42/DeCourceyMatt_Lib.jpg,http://mdecourcey.liberal.ca,Matt.DeCourcey@parl.gc.ca,,88355
88357,Alaina Lockhart,Liberal,liberal,Fundy Royal,http://www.parl.gc.ca/Parliamentarians/Images/OfficialMPPhotos/42/LockhartAlaina_Lib.jpg,,Alaina.Lockhart@parl.gc.ca,,88357
88360,Pat Finnigan,Liberal,liberal,Miramichi—Grand Lake,http://www.parl.gc.ca/Parliamentarians/Images/OfficialMPPhotos/42/FinniganPat_Lib.jpg,,Pat.Finnigan@parl.gc.ca,,88360
88364,Ginette Petitpas Taylor,Liberal,liberal,Moncton—Riverview—Dieppe,http://www.parl.gc.ca/Parliamentarians/Images/OfficialMPPhotos/42/PetitpasTaylorGinette_Lib.jpg,,Ginette.PetitpasTaylor@parl.gc.ca,,88364
88365,Karen Ludwig,Liberal,liberal,New Brunswick Southwest,http://www.parl.gc.ca/Parliamentarians/Images/OfficialMPPhotos/42/LudwigKaren_Lib.jpg,,Karen.Ludwig@parl.gc.ca,,88365
88368,Wayne Long,Liberal,liberal,Saint John—Rothesay,http://www.parl.gc.ca/Parliamentarians/Images/OfficialMPPhotos/42/LongWayne_Lib.jpg,,Wayne.Long@parl.gc.ca,,88368
88370,T.J. Harvey,Liberal,liberal,Tobique—Mactaquac,http://www.parl.gc.ca/Parliamentarians/Images/OfficialMPPhotos/42/HarveyTJ_Lib.jpg,http://tjharveyparl.liberal.ca,TJ.Harvey@parl.gc.ca,,88370
88384,Mélanie Joly,Liberal,liberal,Ahuntsic-Cartierville,http://www.parl.gc.ca/Parliamentarians/Images/OfficialMPPhotos/42/JolyMélanie_Lib.jpg,,Melanie.Joly@parl.gc.ca,,88384
88394,Stéphane Lauzon,Liberal,liberal,Argenteuil—La Petite-Nation,http://www.parl.gc.ca/Parliamentarians/Images/OfficialMPPhotos/42/LauzonStéphane_Lib.jpg,,Stephane.Lauzon@parl.gc.ca,,88394
88397,Rémi Massé,Liberal,liberal,Avignon—La Mitis—Matane—Matapédia,http://www.parl.gc.ca/Parliamentarians/Images/OfficialMPPhotos/42/MasséRémi_Lib.jpg,,Remi.Masse@parl.gc.ca,,88397
88404,Alupa Clarke,Conservative,conservative,Beauport—Limoilou,http://www.parl.gc.ca/Parliamentarians/Images/OfficialMPPhotos/42/ClarkeAlupa_CPC.jpg,,Alupa.Clarke@parl.gc.ca,,88404
88419,Ramez Ayoub,Liberal,liberal,Thérèse-De Blainville,http://www.parl.gc.ca/Parliamentarians/Images/OfficialMPPhotos/42/AyoubRamez_Lib.jpg,,Ramez.Ayoub@parl.gc.ca,,88419
88422,Xavier Barsalou-Duval,Bloc Québécois,bloc_québécois,Pierre-Boucher—Les Patriotes—Verchères,http://www.parl.gc.ca/Parliamentarians/Images/OfficialMPPhotos/42/BarsalouDuvalXavier_BQ.jpg,,Xavier.Barsalou-Duval@parl.gc.ca,,88422
88442,Brenda Shanahan,Liberal,liberal,Châteauguay—Lacolle,http://www.parl.gc.ca/Parliamentarians/Images/OfficialMPPhotos/42/ShanahanBrenda_Lib.jpg,http://bshanahan.liberal.ca/en,Brenda.Shanahan@parl.gc.ca,,88442
88446,Denis Lemieux,Liberal,liberal,Chicoutimi—Le Fjord,http://www.parl.gc.ca/Parliamentarians/Images/OfficialMPPhotos/42/LemieuxDenis_Lib.jpg,,Denis.Lemieux@parl.gc.ca,,88446
88449,Marie-Claude Bibeau,Liberal,liberal,Compton—Stanstead,http://www.parl.gc.ca/Parliamentarians/Images/OfficialMPPhotos/42/BibeauMarieClaude_Lib.jpg,http://mcbibeau.liberal.ca/en,Marie-Claude.Bibeau@parl.gc.ca,,88449
88453,Anju Dhillon,Liberal,liberal,Dorval—Lachine—LaSalle,http://www.parl.gc.ca/Parliamentarians/Images/OfficialMPPhotos/42/DhillonAnju_Lib.jpg,,Anju.Dhillon@parl.gc.ca,,88453
88460,Diane Lebouthillier,Liberal,liberal,Gaspésie—Les Îles-de-la-Madeleine,http://www.parl.gc.ca/Parliamentarians/Images/OfficialMPPhotos/42/LebouthillierDiane_Lib.jpg,,Diane.Lebouthillier@parl.gc.ca,,88460
88468,Steven MacKinnon,Liberal,liberal,Gatineau,http://www.parl.gc.ca/Parliamentarians/Images/OfficialMPPhotos/42/MacKinnonSteven_Lib.jpg,http://smackinnon.liberal.ca/en,Steven.MacKinnon@parl.gc.ca,,88468
88478,Greg Fergus,Liberal,liberal,Hull—Aylmer,http://www.parl.gc.ca/Parliamentarians/Images/OfficialMPPhotos/42/FergusGreg_Lib.jpg,http://https://gregfergusparl.liberal.ca/en,Greg.Fergus@parl.gc.ca,,88478
88485,Gabriel Ste-Marie,Bloc Québécois,bloc_québécois,Joliette,http://www.parl.gc.ca/Parliamentarians/Images/OfficialMPPhotos/42/SteMarieGabriel_BQ.jpg,,Gabriel.Ste-Marie@parl.gc.ca,,88485
88488,Karine Trudel,NDP,ndp,Jonquière,http://www.parl.gc.ca/Parliamentarians/Images/OfficialMPPhotos/42/TrudelKarine_NDP.jpg,,Karine.Trudel@parl.gc.ca,,88488
88493,Jean-Claude Poissant,Liberal,liberal,La Prairie,http://www.parl.gc.ca/Parliamentarians/Images/OfficialMPPhotos/42/PoissantJeanClaude_Lib.jpg,,Jean-Claude.Poissant@parl.gc.ca,,88493
88501,David Lametti,Liberal,liberal,LaSalle—Émard—Verdun,http://www.parl.gc.ca/Parliamentarians/Images/OfficialMPPhotos/42/LamettiDavid_Lib.jpg,,David.Lametti@parl.gc.ca,,88501
88504,David Graham,Liberal,liberal,Laurentides—Labelle,http://www.parl.gc.ca/Parliamentarians/Images/OfficialMPPhotos/42/GrahamDavid_Lib.jpg,,David.Graham@parl.gc.ca,,88504
88515,Fayçal El-Khoury,Liberal,liberal,Laval—Les Îles,http://www.parl.gc.ca/Parliamentarians/Images/OfficialMPPhotos/42/ElKhouryFayçal_Lib.jpg,,Faycal.El-Khoury@parl.gc.ca,,88515
88521,Sherry Romanado,Liberal,liberal,Longueuil—Charles-LeMoyne,http://www.parl.gc.ca/Parliamentarians/Images/OfficialMPPhotos/42/RomanadoSherry_Lib.jpg,,Sherry.Romanado@parl.gc.ca,,88521
88532,Joël Lightbound,Liberal,liberal,Louis-Hébert,http://www.parl.gc.ca/Parliamentarians/Images/OfficialMPPhotos/42/LightboundJoël_Lib.jpg,,Joel.Lightbound@parl.gc.ca,,88532
88535,Gérard Deltell,Conservative,conservative,Louis-Saint-Laurent,http://www.parl.gc.ca/Parliamentarians/Images/OfficialMPPhotos/42/DeltellGérard_CPC.jpg,,Gerard.Deltell@parl.gc.ca,,88535
88538,Marilène Gill,Bloc Québécois,bloc_québécois,Manicouagan,http://www.parl.gc.ca/Parliamentarians/Images/OfficialMPPhotos/42/GillMarilène_BQ.jpg,,Marilene.Gill@parl.gc.ca,,88538
88541,Luc Berthold,Conservative,conservative,Mégantic—L'Érable,http://www.parl.gc.ca/Parliamentarians/Images/OfficialMPPhotos/42/BertholdLuc_CPC.jpg,,Luc.Berthold@parl.gc.ca,https://twitter.com/LucBerthold,88541
88544,Simon Marcil,Bloc Québécois,bloc_québécois,Mirabel,http://www.parl.gc.ca/Parliamentarians/Images/OfficialMPPhotos/42/MarcilSimon_BQ.jpg,,Simon.Marcil@parl.gc.ca,,88544
88552,Luc Thériault,Bloc Québécois,bloc_québécois,Montcalm,http://www.parl.gc.ca/Parliamentarians/Images/OfficialMPPhotos/42/ThériaultLuc_BQ.jpg,,Luc.Theriault@parl.gc.ca,,88552
88558,Anthony Housefather,Liberal,liberal,Mount Royal,http://www.parl.gc.ca/Parliamentarians/Images/OfficialMPPhotos/42/HousefatherAnthony_Lib.jpg,,Anthony.Housefather@parl.gc.ca,,88558
88578,Frank Baylis,Liberal,liberal,Pierrefonds—Dollard,http://www.parl.gc.ca/Parliamentarians/Images/OfficialMPPhotos/42/BaylisFrank_Lib.jpg,,Frank.Baylis@parl.gc.ca,,88578
88595,Monique Pauzé,Bloc Québécois,bloc_québécois,Repentigny,http://www.parl.gc.ca/Parliamentarians/Images/OfficialMPPhotos/42/PauzéMonique_BQ.jpg,,Monique.Pauze@parl.gc.ca,,88595
88600,Alain Rayes,Conservative,conservative,Richmond—Arthabaska,http://www.parl.gc.ca/Parliamentarians/Images/OfficialMPPhotos/42/RayesAlain_CPC.jpg,,Alain.Rayes@parl.gc.ca,https://twitter.com/AlainRayes,88600
88601,Linda Lapointe,Liberal,liberal,Rivière-des-Mille-Îles,http://www.parl.gc.ca/Parliamentarians/Images/OfficialMPPhotos/42/LapointeLinda_Lib.jpg,,Linda.Lapointe@parl.gc.ca,,88601
88605,Rhéal Fortin,Bloc Québécois,bloc_québécois,Rivière-du-Nord,http://www.parl.gc.ca/Parliamentarians/Images/OfficialMPPhotos/42/FortinRhéal_BQ.jpg,,Rheal.Fortin@parl.gc.ca,,88605
88617,Yves Robillard,Liberal,liberal,Marc-Aurèle-Fortin,http://www.parl.gc.ca/Parliamentarians/Images/OfficialMPPhotos/42/RobillardYves_Lib.jpg,,Yves.Robillard@parl.gc.ca,,88617
88623,Jean Rioux,Liberal,liberal,Saint-Jean,http://www.parl.gc.ca/Parliamentarians/Images/OfficialMPPhotos/42/RiouxJean_Lib.jpg,,Jean.Rioux@parl.gc.ca,,88623
88627,Nicola Di Iorio,Liberal,liberal,Saint-Léonard—Saint-Michel,http://www.parl.gc.ca/Parliamentarians/Images/OfficialMPPhotos/42/DiIorioNicola_Lib.jpg,,Nicola.Diiorio@parl.gc.ca,,88627
88633,François-Philippe Champagne,Liberal,liberal,Saint-Maurice—Champlain,http://www.parl.gc.ca/Parliamentarians/Images/OfficialMPPhotos/42/ChampagneFrançoisPhilippe_Lib.jpg,,Francois-Philippe.Champagne@parl.gc.ca,,88633
88649,Peter Schiefke,Liberal,liberal,Vaudreuil—Soulanges,http://www.parl.gc.ca/Parliamentarians/Images/OfficialMPPhotos/42/SchiefkePeter_Lib.jpg,http://pschiefke.liberal.ca/en,Peter.Schiefke@parl.gc.ca,,88649
88651,Michel Boudrias,Bloc Québécois,bloc_québécois,Terrebonne,http://www.parl.gc.ca/Parliamentarians/Images/OfficialMPPhotos/42/BoudriasMichel_BQ.jpg,,Michel.Boudrias@parl.gc.ca,,88651
88660,Marc Miller,Liberal,liberal,Ville-Marie—Le Sud-Ouest—Île-des-Soeurs,http://www.parl.gc.ca/Parliamentarians/Images/OfficialMPPhotos/42/MillerMarc_Lib.jpg,http://mmiller.liberal.ca/en,Marc.Miller@parl.gc.ca,,88660
88671,Leona Alleslev,Liberal,liberal,Aurora—Oak Ridges—Richmond Hill,http://www.parl.gc.ca/Parliamentarians/Images/OfficialMPPhotos/42/AlleslevLeona_Lib.jpg,,Leona.Alleslev@parl.gc.ca,,88671
88674,John Brassard,Conservative,conservative,Barrie—Innisfil,http://www.parl.gc.ca/Parliamentarians/Images/OfficialMPPhotos/42/BrassardJohn_CPC.jpg,http://johnbrassard.com,John.Brassard@parl.gc.ca,https://twitter.com/JohnBrassardCPC,88674
88679,Alexander Nuttall,Conservative,conservative,Barrie—Springwater—Oro-Medonte,http://www.parl.gc.ca/Parliamentarians/Images/OfficialMPPhotos/42/NuttallAlex_CPC.jpg,,Alex.Nuttall@parl.gc.ca,,88679
88683,Neil Ellis,Liberal,liberal,Bay of Quinte,http://www.parl.gc.ca/Parliamentarians/Images/OfficialMPPhotos/42/EllisNeil_Lib.jpg,,Neil.Ellis@parl.gc.ca,,88683
88687,Nathaniel Erskine-Smith,Liberal,liberal,Beaches—East York,http://www.parl.gc.ca/Parliamentarians/Images/OfficialMPPhotos/42/ErskineSmithNathaniel_Lib.jpg,,Nathaniel.Erskine-Smith@parl.gc.ca,,88687
88692,Ramesh Sangha,Liberal,liberal,Brampton Centre,http://www.parl.gc.ca/Parliamentarians/Images/OfficialMPPhotos/42/SanghaRamesh_Lib.jpg,http://rameshsangha.ca,Ramesh.Sangha@parl.gc.ca,,88692
88694,Raj Grewal,Liberal,liberal,Brampton East,http://www.parl.gc.ca/Parliamentarians/Images/OfficialMPPhotos/42/GrewalRaj_Lib.jpg,,Raj.Grewal@parl.gc.ca,,88694
88698,Ruby Sahota,Liberal,liberal,Brampton North,http://www.parl.gc.ca/Parliamentarians/Images/OfficialMPPhotos/42/SahotaRuby_Lib.jpg,http://rsahota.liberal.ca,Ruby.Sahota@parl.gc.ca,,88698
88703,Sonia Sidhu,Liberal,liberal,Brampton South,http://www.parl.gc.ca/Parliamentarians/Images/OfficialMPPhotos/42/SidhuSonia_Lib.jpg,,Sonia.Sidhu@parl.gc.ca,,88703
88705,Kamal Khera,Liberal,liberal,Brampton West,http://www.parl.gc.ca/Parliamentarians/Images/OfficialMPPhotos/42/KheraKamal_Lib.jpg,,Kamal.Khera@parl.gc.ca,,88705
88715,Karina Gould,Liberal,liberal,Burlington,http://www.parl.gc.ca/Parliamentarians/Images/OfficialMPPhotos/42/GouldKarina_Lib.jpg,,Karina.Gould@parl.gc.ca,,88715
88721,Julie Dzerowicz,Liberal,liberal,Davenport,http://www.parl.gc.ca/Parliamentarians/Images/OfficialMPPhotos/42/DzerowiczJulie_Lib.jpg,,Julie.Dzerowicz@parl.gc.ca,,88721
88726,Geng Tan,Liberal,liberal,Don Valley North,http://www.parl.gc.ca/Parliamentarians/Images/OfficialMPPhotos/42/TanGeng_Lib.jpg,,Geng.Tan@parl.gc.ca,,88726
88738,Marco Mendicino,Liberal,liberal,Eglinton—Lawrence,http://www.parl.gc.ca/Parliamentarians/Images/OfficialMPPhotos/42/MendicinoMarco_Lib.jpg,http://marcomendicinomp.ca,Marco.Mendicino@parl.gc.ca,,88738
88742,Karen Vecchio,Conservative,conservative,Elgin—Middlesex—London,http://www.parl.gc.ca/Parliamentarians/Images/OfficialMPPhotos/42/VecchioKaren_CPC.jpg,http://karenvecchiomp.ca,Karen.Vecchio@parl.gc.ca,https://twitter.com/karen_vecchio,88742
88745,Tracey Ramsey,NDP,ndp,Essex,http://www.parl.gc.ca/Parliamentarians/Images/OfficialMPPhotos/42/RamseyTracey_NDP.jpg,http://traceyramsey.ca,Tracey.Ramsey@parl.gc.ca,,88745
88748,James Maloney,Liberal,liberal,Etobicoke—Lakeshore,http://www.parl.gc.ca/Parliamentarians/Images/OfficialMPPhotos/42/MaloneyJames_Lib.jpg,,James.Maloney@parl.gc.ca,,88748
88756,Francis Drouin,Liberal,liberal,Glengarry—Prescott—Russell,http://www.parl.gc.ca/Parliamentarians/Images/OfficialMPPhotos/42/DrouinFrancis_Lib.jpg,,Francis.Drouin@parl.gc.ca,,88756
88761,Lloyd Longfield,Liberal,liberal,Guelph,http://www.parl.gc.ca/Parliamentarians/Images/OfficialMPPhotos/42/LongfieldLloyd_Lib.jpg,http://mplongfield.ca,Lloyd.Longfield@parl.gc.ca,,88761
88770,Jamie Schmale,Conservative,conservative,Haliburton—Kawartha Lakes—Brock,http://www.parl.gc.ca/Parliamentarians/Images/OfficialMPPhotos/42/SchmaleJamie_CPC.jpg,http://jamieschmale.ca,Jamie.Schmale@parl.gc.ca,,88770
88775,Bob Bratina,Liberal,liberal,Hamilton East—Stoney Creek,http://www.parl.gc.ca/Parliamentarians/Images/OfficialMPPhotos/42/BratinaBob_Lib.jpg,http://bbratina.liberal.ca,Bob.Bratina@parl.gc.ca,,88775
88780,Scott Duvall,NDP,ndp,Hamilton Mountain,http://www.parl.gc.ca/Parliamentarians/Images/OfficialMPPhotos/42/DuvallScott_NDP.jpg,http://scottduvall.ndp.ca,Scott.Duvall@parl.gc.ca,,88780
88784,Filomena Tassi,Liberal,liberal,Hamilton West—Ancaster—Dundas,http://www.parl.gc.ca/Parliamentarians/Images/OfficialMPPhotos/42/TassiFilomena_Lib.jpg,,Filomena.Tassi@parl.gc.ca,,88784
88786,Mike Bossio,Liberal,liberal,Hastings—Lennox and Addington,http://www.parl.gc.ca/Parliamentarians/Images/OfficialMPPhotos/42/BossioMike_Lib.jpg,http://www.mikebossiomp.ca,Mike.Bossio@parl.gc.ca,,88786
88799,Deborah Schulte,Liberal,liberal,King—Vaughan,http://www.parl.gc.ca/Parliamentarians/Images/OfficialMPPhotos/42/SchulteDeb_Lib.jpg,,Deb.Schulte@parl.gc.ca,,88799
88802,Mark Gerretsen,Liberal,liberal,Kingston and the Islands,http://www.parl.gc.ca/Parliamentarians/Images/OfficialMPPhotos/42/GerretsenMark_Lib.jpg,,Mark.Gerretsen@parl.gc.ca,,88802
88807,Raj Saini,Liberal,liberal,Kitchener Centre,http://www.parl.gc.ca/Parliamentarians/Images/OfficialMPPhotos/42/SainiRaj_Lib.jpg,,Raj.Saini@parl.gc.ca,,88807
88813,Marwan Tabbara,Liberal,liberal,Kitchener South—Hespeler,http://www.parl.gc.ca/Parliamentarians/Images/OfficialMPPhotos/42/TabbaraMarwan_Lib.jpg,http://marwantabbaramp.ca,Marwan.Tabbara@parl.gc.ca,,88813
88827,Peter Fragiskatos,Liberal,liberal,London North Centre,http://www.parl.gc.ca/Parliamentarians/Images/OfficialMPPhotos/42/FragiskatosPeter_Lib.jpg,http://peterfragiskatos.ca,Peter.Fragiskatos@parl.gc.ca,,88827
88832,Kate Young,Liberal,liberal,London West,http://www.parl.gc.ca/Parliamentarians/Images/OfficialMPPhotos/42/YoungKate_Lib.jpg,,Kate.Young@parl.gc.ca,https://twitter.com/KateYoungMP,88832
88835,Jane Philpott,Liberal,liberal,Markham—Stouffville,http://www.parl.gc.ca/Parliamentarians/Images/OfficialMPPhotos/42/PhilpottJane_Lib.jpg,,Jane.Philpott@parl.gc.ca,,88835
88849,Iqra Khalid,Liberal,liberal,Mississauga—Erin Mills,http://www.parl.gc.ca/Parliamentarians/Images/OfficialMPPhotos/42/KhalidIqra_Lib.jpg,,Iqra.Khalid@parl.gc.ca,,88849
88852,Sven Spengemann,Liberal,liberal,Mississauga—Lakeshore,http://www.parl.gc.ca/Parliamentarians/Images/OfficialMPPhotos/42/SpengemannSven_Lib.jpg,,Sven.Spengemann@parl.gc.ca,,88852
88858,Gagan Sikand,Liberal,liberal,Mississauga—Streetsville,http://www.parl.gc.ca/Parliamentarians/Images/OfficialMPPhotos/42/SikandGagan_Lib.jpg,,Gagan.Sikand@parl.gc.ca,,88858
88860,Chandra Arya,Liberal,liberal,Nepean,http://www.parl.gc.ca/Parliamentarians/Images/OfficialMPPhotos/42/AryaChandra_Lib.jpg,http://chandraarya.ca,Chandra.Arya@parl.gc.ca,,88860
88867,Vance Badawey,Liberal,liberal,Niagara Centre,http://www.parl.gc.ca/Parliamentarians/Images/OfficialMPPhotos/42/BadaweyVance_Lib.jpg,,Vance.Badawey@parl.gc.ca,,88867
88874,Marc Serré,Liberal,liberal,Nickel Belt,http://www.parl.gc.ca/Parliamentarians/Images/OfficialMPPhotos/42/SerréMarc_Lib.jpg,http://marcserre.ca,Marc.Serre@parl.gc.ca,,88874
88881,John Oliver,Liberal,liberal,Oakville,http://www.parl.gc.ca/Parliamentarians/Images/OfficialMPPhotos/42/OliverJohn_Lib.jpg,,John.Oliver@parl.gc.ca,,88881
88884,Pam Damoff,Liberal,liberal,Oakville North—Burlington,http://www.parl.gc.ca/Parliamentarians/Images/OfficialMPPhotos/42/DamoffPam_Lib.jpg,,Pam.Damoff@parl.gc.ca,,88884
88892,Catherine McKenna,Liberal,liberal,Ottawa Centre,http://www.parl.gc.ca/Parliamentarians/Images/OfficialMPPhotos/42/McKennaCatherine_Lib.jpg,,Catherine.McKenna@parl.gc.ca,,88892
88894,Andrew Leslie,Liberal,liberal,Orléans,http://www.parl.gc.ca/Parliamentarians/Images/OfficialMPPhotos/42/LeslieAndrew_Lib.jpg,http://andrewleslieorleans.ca,Andrew.Leslie@parl.gc.ca,,88894
88910,Arif Virani,Liberal,liberal,Parkdale—High Park,http://www.parl.gc.ca/Parliamentarians/Images/OfficialMPPhotos/42/ViraniArif_Lib.jpg,http://avirani.liberal.ca,Arif.Virani@parl.gc.ca,,88910
88917,John Nater,Conservative,conservative,Perth—Wellington,http://www.parl.gc.ca/Parliamentarians/Images/OfficialMPPhotos/42/NaterJohn_CPC.jpg,http://johnnater.ca,John.Nater@parl.gc.ca,,88917
88922,Maryam Monsef,Liberal,liberal,Peterborough—Kawartha,http://www.parl.gc.ca/Parliamentarians/Images/OfficialMPPhotos/42/MonsefMaryam_Lib.jpg,,Maryam.Monsef@parl.gc.ca,,88922
88925,Jennifer O'Connell,Liberal,liberal,Pickering—Uxbridge,http://www.parl.gc.ca/Parliamentarians/Images/OfficialMPPhotos/42/OConnellJennifer_Lib.jpg,http://jenniferoconnell.ca,Jennifer.OConnell@parl.gc.ca,,88925
88929,Majid Jowhari,Liberal,liberal,Richmond Hill,http://www.parl.gc.ca/Parliamentarians/Images/OfficialMPPhotos/42/JowhariMajid_Lib.jpg,http://mpjowhari.ca,Majid.Jowhari@parl.gc.ca,,88929
88934,Chris Bittle,Liberal,liberal,St. Catharines,http://www.parl.gc.ca/Parliamentarians/Images/OfficialMPPhotos/42/BittleChris_Lib.jpg,,Chris.Bittle@parl.gc.ca,,88934
88938,Marilyn Gladu,Conservative,conservative,Sarnia—Lambton,http://www.parl.gc.ca/Parliamentarians/Images/OfficialMPPhotos/42/GladuMarilyn_CPC.jpg,http://marilyngladu.com,Marilyn.Gladu@parl.gc.ca,,88938
88944,Terry Sheehan,Liberal,liberal,Sault Ste. Marie,http://www.parl.gc.ca/Parliamentarians/Images/OfficialMPPhotos/42/SheehanTerry_Lib.jpg,http://tsheehan.liberal.ca,Terry.Sheehan@parl.gc.ca,https://twitter.com/TerrySheehanMP,88944
88950,Salma Zahid,Liberal,liberal,Scarborough Centre,http://www.parl.gc.ca/Parliamentarians/Images/OfficialMPPhotos/42/ZahidSalma_Lib.jpg,,Salma.Zahid@parl.gc.ca,,88950
88953,Shaun Chen,Liberal,liberal,Scarborough North,http://www.parl.gc.ca/Parliamentarians/Images/OfficialMPPhotos/42/ChenShaun_Lib.jpg,,Shaun.Chen@parl.gc.ca,,88953
88961,Bill Blair,Liberal,liberal,Scarborough Southwest,http://www.parl.gc.ca/Parliamentarians/Images/OfficialMPPhotos/42/BlairBill_Lib.jpg,,Bill.Blair@parl.gc.ca,,88961
88973,Paul Lefebvre,Liberal,liberal,Sudbury,http://www.parl.gc.ca/Parliamentarians/Images/OfficialMPPhotos/42/LefebvrePaul_Lib.jpg,,Paul.Lefebvre@parl.gc.ca,,88973
88982,Don Rusnak,Liberal,liberal,Thunder Bay—Rainy River,http://www.parl.gc.ca/Parliamentarians/Images/OfficialMPPhotos/42/RusnakDon_Lib.jpg,,Don.Rusnak@parl.gc.ca,,88982
88984,Patty Hajdu,Liberal,liberal,Thunder Bay—Superior North,http://www.parl.gc.ca/Parliamentarians/Images/OfficialMPPhotos/42/HajduPatty_Lib.jpg,,Patty.Hajdu@parl.gc.ca,,88984
88992,Bill Morneau,Liberal,liberal,Toronto Centre,http://www.parl.gc.ca/Parliamentarians/Images/OfficialMPPhotos/42/MorneauBill_Lib.jpg,http://billmorneau.ca,Bill.Morneau@parl.gc.ca,,88992
88994,Julie Dabrusin,Liberal,liberal,Toronto—Danforth,http://www.parl.gc.ca/Parliamentarians/Images/OfficialMPPhotos/42/DabrusinJulie_Lib.jpg,http://jdabrusin.liberal.ca,Julie.Dabrusin@parl.gc.ca,,88994
88999,Francesco Sorbara,Liberal,liberal,Vaughan—Woodbridge,http://www.parl.gc.ca/Parliamentarians/Images/OfficialMPPhotos/42/SorbaraFrancesco_Lib.jpg,,Francesco.Sorbara@parl.gc.ca,,88999
89000,Bardish Chagger,Liberal,liberal,Waterloo,http://www.parl.gc.ca/Parliamentarians/Images/OfficialMPPhotos/42/ChaggerBardish_Lib.jpg,,Bardish.Chagger@parl.gc.ca,,89000
89010,Ali Ehsassi,Liberal,liberal,Willowdale,http://www.parl.gc.ca/Parliamentarians/Images/OfficialMPPhotos/42/EhsassiAli_Lib.jpg,,Ali.Ehsassi@parl.gc.ca,,89010
89012,Cheryl Hardcastle,NDP,ndp,Windsor—Tecumseh,http://www.parl.gc.ca/Parliamentarians/Images/OfficialMPPhotos/42/HardcastleCheryl_NDP.jpg,,Cheryl.Hardcastle@parl.gc.ca,,89012
89018,Michael Levitt,Liberal,liberal,York Centre,http://www.parl.gc.ca/Parliamentarians/Images/OfficialMPPhotos/42/LevittMichael_Lib.jpg,,Michael.Levitt@parl.gc.ca,,89018
89020,Ahmed Hussen,Liberal,liberal,York South—Weston,http://www.parl.gc.ca/Parliamentarians/Images/OfficialMPPhotos/42/HussenAhmed_Lib.jpg,,Ahmed.Hussen@parl.gc.ca,,89020
89027,Doug Eyolfson,Liberal,liberal,Charleswood—St. James—Assiniboia—Headingley,http://www.parl.gc.ca/Parliamentarians/Images/OfficialMPPhotos/42/EyolfsonDoug_Lib.jpg,,Doug.Eyolfson@parl.gc.ca,,89027
89032,Daniel Blaikie,NDP,ndp,Elmwood—Transcona,http://www.parl.gc.ca/Parliamentarians/Images/OfficialMPPhotos/42/BlaikieDaniel_NDP.jpg,,Daniel.Blaikie@parl.gc.ca,,89032
89037,MaryAnn Mihychuk,Liberal,liberal,Kildonan—St. Paul,http://www.parl.gc.ca/Parliamentarians/Images/OfficialMPPhotos/42/MihychukMaryAnn_Lib.jpg,,MaryAnn.Mihychuk@parl.gc.ca,,89037
89045,Dan Vandal,Liberal,liberal,Saint Boniface—Saint Vital,http://www.parl.gc.ca/Parliamentarians/Images/OfficialMPPhotos/42/VandalDaniel_Lib.jpg,http://danvandal.ca,Dan.Vandal@parl.gc.ca,,89045
89059,Jim Carr,Liberal,liberal,Winnipeg South Centre,http://www.parl.gc.ca/Parliamentarians/Images/OfficialMPPhotos/42/CarrJim_Lib.jpg,,Jim.Carr@parl.gc.ca,,89059
89065,Georgina Jolibois,NDP,ndp,Desnethé—Missinippi—Churchill River,http://www.parl.gc.ca/Parliamentarians/Images/OfficialMPPhotos/42/JoliboisGeorgina_NDP.jpg,,Georgina.Jolibois@parl.gc.ca,,89065
89084,Kevin Waugh,Conservative,conservative,Saskatoon—Grasswood,http://www.parl.gc.ca/Parliamentarians/Images/OfficialMPPhotos/42/WaughKevin_CPC.jpg,http://kevinwaugh.ca,Kevin.Waugh@parl.gc.ca,,89084
89090,Sheri Benson,NDP,ndp,Saskatoon West,http://www.parl.gc.ca/Parliamentarians/Images/OfficialMPPhotos/42/BensonSheri_NDP.jpg,http://sheribenson.ndp.ca,Sheri.Benson@parl.gc.ca,,89090
89095,Robert Kitchen,Conservative,conservative,Souris—Moose Mountain,http://www.parl.gc.ca/Parliamentarians/Images/OfficialMPPhotos/42/KitchenRobert_CPC.jpg,http://drrobertkitchen.ca,Robert.Kitchen@parl.gc.ca,,89095
89098,Cathay Wagantall,Conservative,conservative,Yorkton—Melville,http://www.parl.gc.ca/Parliamentarians/Images/OfficialMPPhotos/42/WagantallCathay_CPC.jpg,http://cathaywagantall.ca,Cathay.Wagantall@parl.gc.ca,,89098
891,Dave MacKenzie,Conservative,conservative,Oxford,http://www.parl.gc.ca/Parliamentarians/Images/OfficialMPPhotos/42/MacKenzieDave_CPC.jpg,http://davemackenzie.ca,dave.mackenzie@parl.gc.ca,,891
89109,Martin Shields,Conservative,conservative,Bow River,http://www.parl.gc.ca/Parliamentarians/Images/OfficialMPPhotos/42/ShieldsMartin_CPC.jpg,http://martinshieldsbowriver.ca,Martin.Shields@parl.gc.ca,,89109
89111,Kent Hehr,Liberal,liberal,Calgary Centre,http://www.parl.gc.ca/Parliamentarians/Images/OfficialMPPhotos/42/HehrKent_Lib.jpg,http://kenthehrmp.ca,Kent.Hehr@parl.gc.ca,,89111
89116,Len Webber,Conservative,conservative,Calgary Confederation,http://www.parl.gc.ca/Parliamentarians/Images/OfficialMPPhotos/42/WebberLen_CPC.jpg,,Len.Webber@parl.gc.ca,https://twitter.com/Webber4Confed,89116
89130,Pat Kelly,Conservative,conservative,Calgary Rocky Ridge,http://www.parl.gc.ca/Parliamentarians/Images/OfficialMPPhotos/42/KellyPat_CPC.jpg,,Pat.Kelly@parl.gc.ca,,89130
89136,Tom Kmiec,Conservative,conservative,Calgary Shepard,http://www.parl.gc.ca/Parliamentarians/Images/OfficialMPPhotos/42/KmiecTom_CPC.jpg,,Tom.Kmiec@parl.gc.ca,,89136
89139,Ron Liepert,Conservative,conservative,Calgary Signal Hill,http://www.parl.gc.ca/Parliamentarians/Images/OfficialMPPhotos/42/LiepertRon_CPC.jpg,http://ronliepert.ca,Ron.Liepert@parl.gc.ca,,89139
89144,Darshan Singh Kang,Liberal,liberal,Calgary Skyview,http://www.parl.gc.ca/Parliamentarians/Images/OfficialMPPhotos/42/KangDarshanSingh_Lib.jpg,,Darshan.Kang@parl.gc.ca,,89144
89147,Randy Boissonnault,Liberal,liberal,Edmonton Centre,http://www.parl.gc.ca/Parliamentarians/Images/OfficialMPPhotos/42/BoissonnaultRandy_Lib.jpg,,Randy.Boissonnault@parl.gc.ca,,89147
89150,Kerry Diotte,Conservative,conservative,Edmonton Griesbach,http://www.parl.gc.ca/Parliamentarians/Images/OfficialMPPhotos/42/DiotteKerry_CPC.jpg,http://kerrydiotte.com,Kerry.Diotte@parl.gc.ca,https://twitter.com/KerryDiotte,89150
89156,Ziad Aboultaif,Conservative,conservative,Edmonton Manning,http://www.parl.gc.ca/Parliamentarians/Images/OfficialMPPhotos/42/AboultaifZiad_CPC.jpg,http://ziadaboultaif.ca,Ziad.Aboultaif@parl.gc.ca,,89156
89163,Amarjeet Sohi,Liberal,liberal,Edmonton Mill Woods,http://www.parl.gc.ca/Parliamentarians/Images/OfficialMPPhotos/42/SohiAmarjeet_Lib.jpg,http://amarjeetsohi.com,Amarjeet.Sohi@parl.gc.ca,,89163
89167,Matt Jeneroux,Conservative,conservative,Edmonton Riverbend,http://www.parl.gc.ca/Parliamentarians/Images/OfficialMPPhotos/42/JenerouxMatt_CPC.jpg,http://mattjeneroux.ca,Matt.Jeneroux@parl.gc.ca,,89167
89179,Kelly McCauley,Conservative,conservative,Edmonton West,http://www.parl.gc.ca/Parliamentarians/Images/OfficialMPPhotos/42/McCauleyKelly_CPC.jpg,http://kellymccauley.ca,Kelly.McCauley@parl.gc.ca,,89179
89198,Shannon Stubbs,Conservative,conservative,Lakeland,http://www.parl.gc.ca/Parliamentarians/Images/OfficialMPPhotos/42/StubbsShannon_CPC.jpg,,Shannon.Stubbs@parl.gc.ca,,89198
89200,Rachael Harder,Conservative,conservative,Lethbridge,http://www.parl.gc.ca/Parliamentarians/Images/OfficialMPPhotos/42/HarderRachael_CPC.jpg,http://rachaelharder.ca,Rachael.Harder@parl.gc.ca,,89200
89211,Arnold Viersen,Conservative,conservative,Peace River—Westlock,http://www.parl.gc.ca/Parliamentarians/Images/OfficialMPPhotos/42/ViersenArnold_CPC.jpg,http://mparnold.ca,Arnold.Viersen@parl.gc.ca,,89211
89219,Michael Cooper,Conservative,conservative,St. Albert—Edmonton,http://www.parl.gc.ca/Parliamentarians/Images/OfficialMPPhotos/42/CooperMichael_CPC.jpg,http://michaelcoopermp.ca,Michael.Cooper@parl.gc.ca,https://twitter.com/Cooper4SAE,89219
89226,Garnett Genuis,Conservative,conservative,Sherwood Park—Fort Saskatchewan,http://www.parl.gc.ca/Parliamentarians/Images/OfficialMPPhotos/42/GenuisGarnett_CPC.jpg,,Garnett.Genuis@parl.gc.ca,https://twitter.com/GarnettGenuis,89226
89236,Terry Beech,Liberal,liberal,Burnaby North—Seymour,http://www.parl.gc.ca/Parliamentarians/Images/OfficialMPPhotos/42/BeechTerry_Lib.jpg,,Terry.Beech@parl.gc.ca,,89236
89249,Todd Doherty,Conservative,conservative,Cariboo—Prince George,http://www.parl.gc.ca/Parliamentarians/Images/OfficialMPPhotos/42/DohertyTodd_CPC.jpg,,Todd.Doherty@parl.gc.ca,,89249
89258,John Aldag,Liberal,liberal,Cloverdale—Langley City,http://www.parl.gc.ca/Parliamentarians/Images/OfficialMPPhotos/42/AldagJohn_Lib.jpg,http://johnaldag.ca,John.Aldag@parl.gc.ca,,89258
89263,Gord Johns,NDP,ndp,Courtenay—Alberni,http://www.parl.gc.ca/Parliamentarians/Images/OfficialMPPhotos/42/JohnsGord_NDP.jpg,http://gordjohns.ca,Gord.Johns@parl.gc.ca,,89263
89269,Alistair MacGregor,NDP,ndp,Cowichan—Malahat—Langford,http://www.parl.gc.ca/Parliamentarians/Images/OfficialMPPhotos/42/MacGregorAlistair_NDP.jpg,http://alistairmacgregor.ca,Alistair.MacGregor@parl.gc.ca,,89269
89272,Carla Qualtrough,Liberal,liberal,Delta,http://www.parl.gc.ca/Parliamentarians/Images/OfficialMPPhotos/42/QualtroughCarla_Lib.jpg,,Carla.Qualtrough@parl.gc.ca,,89272
89274,Ken Hardie,Liberal,liberal,Fleetwood—Port Kells,http://www.parl.gc.ca/Parliamentarians/Images/OfficialMPPhotos/42/HardieKen_Lib.jpg,,Ken.Hardie@parl.gc.ca,,89274
89279,Stephen Fuhr,Liberal,liberal,Kelowna—Lake Country,http://www.parl.gc.ca/Parliamentarians/Images/OfficialMPPhotos/42/FuhrStephen_Lib.jpg,http://sfuhr.liberal.ca,Stephen.Fuhr@parl.gc.ca,https://twitter.com/StephenFuhr,89279
89281,Wayne Stetski,NDP,ndp,Kootenay—Columbia,http://www.parl.gc.ca/Parliamentarians/Images/OfficialMPPhotos/42/StetskiWayne_NDP.jpg,http://waynestetski.ndp.ca,Wayne.Stetski@parl.gc.ca,,89281
89288,Jati Sidhu,Liberal,liberal,Mission—Matsqui—Fraser Canyon,http://www.parl.gc.ca/Parliamentarians/Images/OfficialMPPhotos/42/SidhuJati_Lib.jpg,http://jsidhu.liberal.ca,Jati.Sidhu@parl.gc.ca,https://twitter.com/VoteJatiSidhu,89288
89294,Mel Arnold,Conservative,conservative,North Okanagan—Shuswap,http://www.parl.gc.ca/Parliamentarians/Images/OfficialMPPhotos/42/ArnoldMel_CPC.jpg,,Mel.Arnold@parl.gc.ca,,89294
89300,Jonathan Wilkinson,Liberal,liberal,North Vancouver,http://www.parl.gc.ca/Parliamentarians/Images/OfficialMPPhotos/42/WilkinsonJonathan_Lib.jpg,http://jwilkinson.liberal.ca,Jonathan.Wilkinson@parl.gc.ca,,89300
89304,Dan Ruimy,Liberal,liberal,Pitt Meadows—Maple Ridge,http://www.parl.gc.ca/Parliamentarians/Images/OfficialMPPhotos/42/RuimyDan_Lib.jpg,,Dan.Ruimy@parl.gc.ca,,89304
89327,Richard Cannings,NDP,ndp,South Okanagan—West Kootenay,http://www.parl.gc.ca/Parliamentarians/Images/OfficialMPPhotos/42/CanningsRichard_NDP.jpg,http://richardcannings.ndp.ca,Richard.Cannings@parl.gc.ca,,89327
89333,Dianne L. Watts,Conservative,conservative,South Surrey—White Rock,http://www.parl.gc.ca/Parliamentarians/Images/OfficialMPPhotos/42/WattsDianneLynn_CPC.jpg,http://diannewattsmp.ca,Dianne.Watts@parl.gc.ca,,89333
89339,Randeep Sarai,Liberal,liberal,Surrey Centre,http://www.parl.gc.ca/Parliamentarians/Images/OfficialMPPhotos/42/SaraiRandeep_Lib.jpg,,Randeep.Sarai@parl.gc.ca,,89339
89346,Jenny Kwan,NDP,ndp,Vancouver East,http://www.parl.gc.ca/Parliamentarians/Images/OfficialMPPhotos/42/KwanJenny_NDP.jpg,http://jennykwan.ndp.ca,Jenny.Kwan@parl.gc.ca,,89346
89354,Rachel Blaney,NDP,ndp,North Island—Powell River,http://www.parl.gc.ca/Parliamentarians/Images/OfficialMPPhotos/42/BlaneyRachel_NDP.jpg,http://rachelblaney.ndp.ca,Rachel.Blaney@parl.gc.ca,,89354
89370,Pam Goldsmith-Jones,Liberal,liberal,West Vancouver—Sunshine Coast—Sea to Sky Country,http://www.parl.gc.ca/Parliamentarians/Images/OfficialMPPhotos/42/GoldsmithJonesPamela_Lib.jpg,,Pam.Goldsmith-Jones@parl.gc.ca,,89370
89374,Michael McLeod,Liberal,liberal,Northwest Territories,http://www.parl.gc.ca/Parliamentarians/Images/OfficialMPPhotos/42/McLeodMichael_Lib.jpg,,Michael.McLeod@parl.gc.ca,,89374
89383,René Arseneault,Liberal,liberal,Madawaska—Restigouche,http://www.parl.gc.ca/Parliamentarians/Images/OfficialMPPhotos/42/ArseneaultRené_Lib.jpg,,Rene.Arseneault@parl.gc.ca,,89383
89407,Joël Godin,Conservative,conservative,Portneuf—Jacques-Cartier,http://www.parl.gc.ca/Parliamentarians/Images/OfficialMPPhotos/42/GodinJoël_CPC.jpg,,Joel.Godin@parl.gc.ca,,89407
89408,Jean-Yves Duclos,Liberal,liberal,Québec,http://www.parl.gc.ca/Parliamentarians/Images/OfficialMPPhotos/42/DuclosJeanYves_Lib.jpg,,Jean-Yves.Duclos@parl.gc.ca,,89408
89449,Gary Anandasangaree,Liberal,liberal,Scarborough—Rouge Park,http://www.parl.gc.ca/Parliamentarians/Images/OfficialMPPhotos/42/AnandasangareeGary_Lib.jpg,,Gary.Anand@parl.gc.ca,,89449
89466,Robert-Falcon Ouellette,Liberal,liberal,Winnipeg Centre,http://www.parl.gc.ca/Parliamentarians/Images/OfficialMPPhotos/42/OuelletteRobertFalcon_Lib.jpg,,robert.falcon@parl.gc.ca,,89466
89486,Sheila Malcolmson,NDP,ndp,Nanaimo—Ladysmith,http://www.parl.gc.ca/Parliamentarians/Images/OfficialMPPhotos/42/MalcolmsonSheila_NDP.jpg,,Sheila.Malcolmson@parl.gc.ca,,89486
89494,Jody Wilson-Raybould,Liberal,liberal,Vancouver Granville,http://www.parl.gc.ca/Parliamentarians/Images/OfficialMPPhotos/42/WilsonRaybouldJody_Lib.jpg,,Jody.Wilson-Raybould@parl.gc.ca,,89494
89497,Harjit S. Sajjan,Liberal,liberal,Vancouver South,http://www.parl.gc.ca/Parliamentarians/Images/OfficialMPPhotos/42/SajjanHarjitS_Lib.jpg,,Harjit.Sajjan@parl.gc.ca,,89497
89527,William Amos,Liberal,liberal,Pontiac,http://www.parl.gc.ca/Parliamentarians/Images/OfficialMPPhotos/42/AmosWilliam_Lib.jpg,,William.Amos@parl.gc.ca,,89527
89535,Omar Alghabra,Liberal,liberal,Mississauga Centre,http://www.parl.gc.ca/Parliamentarians/Images/OfficialMPPhotos/42/AlghabraOmar_Lib.jpg,,Omar.Alghabra@parl.gc.ca,,89535
9137,Brian Masse,NDP,ndp,Windsor West,http://www.parl.gc.ca/Parliamentarians/Images/OfficialMPPhotos/42/MasseBrian_NDP.jpg,http://brianmasse.ca,brian.masse@parl.gc.ca,,9137
9486,David McGuinty,Liberal,liberal,Ottawa South,http://www.parl.gc.ca/Parliamentarians/Images/OfficialMPPhotos/42/McGuintyDavid_Lib.jpg,http://davidmcguinty.ca,david.mcguinty@parl.gc.ca,,9486
957,John McKay,Liberal,liberal,Scarborough—Guildwood,http://www.parl.gc.ca/Parliamentarians/Images/OfficialMPPhotos/42/McKayJohn_Lib.jpg,http://johnmckaymp.on.ca,john.mckay@parl.gc.ca,,957
992,Carolyn Bennett,Liberal,liberal,Toronto—St. Paul's,http://www.parl.gc.ca/Parliamentarians/Images/OfficialMPPhotos/42/BennettCarolyn_Lib.jpg,http://carolynbennett.ca,carolyn.bennett@parl.gc.ca,,992
