id,name,twitter,area
ALatendresseNPD,Alexandrine Latendresse,@ALatendresseNPD,Louis-Saint-Laurent
Albrecht4KitCon,Harold Albrecht,@Albrecht4KitCon,Kitchener—Conestog
AliceWongCanada,Alice Wong,@AliceWongCanada,Richmond
AndrewSaxton1,Andrew Saxton,@AndrewSaxton1,North Vancouver
AnneMTQuach,Anne Minh Thu Quach,@AnneMTQuach,Beauharnois—Salabe
AnneMarieDay,Anne-Marie Day,@AnneMarieDay,Charlesbourg—Haute
AnnickPapillon,Annick Papillon,@AnnickPapillon,Québec
Armstrong_MP,Scott Armstrong,@Armstrong_MP,Cumberland—Colches
BalGosal,Baljit Gosal,@BalGosal,Bramalea—Gore—Ma
BarryDevolin_MP,Barry Devolin,@BarryDevolin_MP,Haliburton—Kawarth
BevShipleyMP,Bev Shipley,@BevShipleyMP,Lambton—Kent—Mid
BlakeRichardsMP,Blake Richards,@BlakeRichardsMP,Taschereau
BobDechert,Robert Dechert,@BobDechert,Mississauga—Erinda
BradButtMP,Brad Butt,@BradButtMP,Mississauga—Street
BradTrostCPC,Brad Trost,@BradTrostCPC,Saskatoon—Humboldt
BrianMasseMP,Brian Masse,@BrianMasseMP,Option Nationale
BrianStorseth,Brian Storseth,@BrianStorseth,Westlock—St. Paul
BryanHayesCPC,BRYAN HAYES,@BryanHayesCPC,Sault Ste. Marie
CHoeppnerMP,Candice Hoeppner,@CHoeppnerMP,Portage—Lisgar
CPCGailShea,Gail Shea,@CPCGailShea,Egmont
CarolHughesMP,Carol Hughes,@CarolHughesMP,AlgomaManitoulin
Carolyn_Bennett,Carolyn Bennett,@Carolyn_Bennett,St. Paul's
Cash4TO,Andrew Cash,@Cash4TO,Davenport
Cathy_McLeod,Cathy McLeod,@Cathy_McLeod,KamloopsThompson
CharlieAngusMP,Charlie Angus,@CharlieAngusMP,Timmins—James Bay
ClaudeGravelle,Claude Gravelle,@ClaudeGravelle,Nickel Belt
ColinCarrie,Colin Carrie,@ColinCarrie,Oshawa
CostasMenegakis,Costas Menegakis,@CostasMenegakis,"Richmond Hill, ON"
CraigScottNDP,Craig Scott,@CraigScottNDP,Toronto—Danforth
Crockatteer,Joan Crockatt,@Crockatteer,Calgary Centre
DSellahNPD,Djaouida Sellah,@DSellahNPD,Saint-Bruno—Saint-
DanAlbas,Dan Albas,@DanAlbas,Okanagan—Coquihall
DavidAndersonSK,David Anderson,@DavidAndersonSK,Cypress Hills—Gras
DavidMcGuinty,David McGuinty,@DavidMcGuinty,Ottawa South
DavidSweetMP,David Sweet,@DavidSweetMP,Ancaster—Dundas—
DeanAllisonMP,Dean Allison,@DeanAllisonMP,Niagara West—Glanb
DenisBlanchette,Denis Blanchette,@DenisBlanchette,Louis-Hébert
DenisCoderre,Denis Coderre,@DenisCoderre,Laval-des-Rapides
DionneLabelleMP,Pierre Dionne Labelle,@DionneLabelleMP,Rivière-du-Nord
DonDavies,Don Davies,@DonDavies,Taschereau
EdHolder_MP,Ed Holder,@EdHolder_MP,London West
Elect_BrianJean,Brian Jean,@Elect_BrianJean,Fort McMurray—Atha
ElizabethMay,Elizabeth May,@ElizabethMay,Saanich—Gulf Islan
F_Choquette,Francois Choquette,@F_Choquette,Drummond
F_Lapointe,François Lapointe,@F_Lapointe,MontmagnyL'Islet
FinDonnelly,Fin Donnelly,@FinDonnelly,New Westminster—Co
GSchellenberger,Gary Schellenberger,@GSchellenberger,Perth—Wellington
GalipeauOrleans,Royal Galipeau,@GalipeauOrleans,Alma-Lac-St-Jean
GenestJourdain,Jonathan Genest-Jourdain,@GenestJourdain,Manicouagan
GeraldKeddy,Gerald Keddy,@GeraldKeddy,South Shore—St. Ma
Gerry_Byrne,Gerry Byrne,@Gerry_Byrne,HumberSt. Barbe
GuyCaronNPD,Guy Caron,@GuyCaronNPD,Rimouski-Neigette—
HLaverdiere2,Hélène Laverdière,@HLaverdiere2,Laurier—Sainte-Mar
HedyFry,Hedy Fry,@HedyFry,Vancouver Centre
HeleneLeBlanc,Hélène LeBlanc,@HeleneLeBlanc,LaSalle—Émard
HiebertRuss,Russ Hiebert,@HiebertRuss,South Surrey—White
HonEdFast,Ed Fast,@HonEdFast,Abbotsford
IsabelleMorinMP,Isabelle Morin,@IsabelleMorinMP,Notre-Dame-de-Grâce
JJLibertarian,Jason,@JJLibertarian,Newmarket—Aurora
JPNichollsNPD,Jamie Nicholls,@JPNichollsNPD,Vaudreuil-Soulanges
JackHarrisNDP,Jack Harris,@JackHarrisNDP,St. John's East
JacquesGourde,Jacques Gourde,@JacquesGourde,Lotbinière—Chutes
JamesMoore_org,James Moore,@JamesMoore_org,Port Moody—Westwoo
JamesRajotte,James Rajotte,@JamesRajotte,Edmonton—Leduc
JayAspin,Jay Aspin,@JayAspin,Nipissing—Timiskam
JeanCrowder,Jean Crowder,@JeanCrowder,Nanaimo—Cowichan
JimFlaherty,Jim Flaherty,@JimFlaherty,Whitby—Oshawa
Joe_Preston,Joe Preston,@Joe_Preston,Elgin—Middlesex—
JohnBCarmichael,John Carmichael,@JohnBCarmichael,Don Valley West
JohnBairdOWN,John Baird,@JohnBairdOWN,Ottawa West—Nepean
JohnDuncanMP,John Duncan,@JohnDuncanMP,Vancouver Island Nor
JohnMcCallumMP,John McCallum,@JohnMcCallumMP,Markham—Unionville
JohnMcKayLib,John Mckay,@JohnMcKayLib,Saint-Hyacinthe—Ba
JohnRaffertyMP,John Rafferty,@JohnRaffertyMP,Thunder Bay—Rainy 
Jonathan_tremb,Jonathan Tremblay,@Jonathan_tremb,Montmorency—Charle
Joyce_Bateman,Joyce Bateman,@Joyce_Bateman,Winnipeg South
JudyFoote,Judy Foote,@JudyFoote,Random—Burin—St.
JudySgro,Judy Sgro,@JudySgro,York West
JulianFantino,Julian Fantino,@JulianFantino,Vaughan
JustinTrudeau,Justin Trudeau,@JustinTrudeau,Papineau
KLDF2011,Kerry-Lynne Findlay,@KLDF2011,Delta—Richmond Eas
KeithAshfield11,Keith Ashfield,@KeithAshfield11,Fredericton
KellieLeitch,Kellie Leitch,@KellieLeitch,Simcoe—Grey
KellyBlockcpc,Kelly Block,@KellyBlockcpc,Nunavut
KentThornhillMP,Peter Kent,@KentThornhillMP,Thornhill
Kevin_Lamoureux,Kevin Lamoureux,@Kevin_Lamoureux,Winnipeg North
KirstyDuncanMP,Kirsty Duncan,@KirstyDuncanMP,Etobicoke North
KyleSeeback,Kyle Seeback,@KyleSeeback,Brampton West
LaVarMP,LaVar Payne,@LaVarMP,Medicine Hat
LaroseJF,Jean-François Larose,@LaroseJF,Repentigny
LibbyDavies,Libby Davies,@LibbyDavies,Vancouver East
LindaDuncanMP,Linda Duncan,@LindaDuncanMP,Edmonton—Strathcon
Lynne_Yelich,Lynne Yelich,@Lynne_Yelich,Blackstrap
MC_Morin_NPD,Marie-Claude Morin,@MC_Morin_NPD,Saint-Hyacinthe—Ba
MPGregKerr,Greg Kerr,@MPGregKerr,West Nova
MPJoySmith,Joy Smith,@MPJoySmith,Kildonan—St. Paul
MPJulian,Peter Julian,@MPJulian,Beloeil-Chambly
MPLaurieHawn,Laurie Hawn,@MPLaurieHawn,Edmonton Centre
MPNinaGrewal,Nina Grewal,@MPNinaGrewal,Fleetwood—Port Kel
MPerreaultNPD,Manon Perreault,@MPerreaultNPD,Montcalm
MPmarkwarawa,Mark Warawa,@MPmarkwarawa,Langley
MacKayCPC,Peter MacKay,@MacKayCPC,Central Nova
Malcolm_AllenMP,Malcolm Allen,@Malcolm_AllenMP,Welland
MarcGarneau,Marc Garneau,@MarcGarneau,Westmount—Ville-Ma
MarjBoutinSweet,Marjolaine Boutin-Sweet,@MarjBoutinSweet,Hochelaga
MarkAdlerMP,Mark Adler,@MarkAdlerMP,York Centre
MarkEyking_MP,Mark Eyking,@MarkEyking_MP,Sydney—Victoria
MathieuRavignat,Mathieu Ravignat,@MathieuRavignat,Pontiac
MattDube,Matthew Dubé,@MattDube,Chambly—Borduas
MatthewKellway,Matthew Kellway,@MatthewKellway,Beaches—East York
MaximeBernier,Maxime Bernier,@MaximeBernier,Beauce
MeganLeslieMP,Megan Leslie,@MeganLeslieMP,Halifax
MichelleRempel,Michelle Rempel,@MichelleRempel,Calgary Centre-North
MikeLakeMP,Mike Lake,@MikeLakeMP,Edmonton—Mill Wood
MikeSullivanMP,Mike Sullivan,@MikeSullivanMP,York South—Weston
MikeWallaceMP,Mike Wallace,@MikeWallaceMP,Burlington
MinRonaAmbrose,Rona Ambrose,@MinRonaAmbrose,Edmonton—Spruce Gr
MinStevenBlaney,Steven Blaney,@MinStevenBlaney,Lévis—Bellechasse
MinTimUppal,Tim Uppal,@MinTimUppal,Edmonton—Sherwood 
Min_BValcourt,Bernard Valcourt,@Min_BValcourt,Madawaska—Restigou
MooreNpd,Christine Moore,@MooreNpd,Abitibi—Témiscami
MountainManMP,Massimo Pacetti,@MountainManMP,Saint-Léonard—Sai
MurrayRankin,Murray Rankin,@MurrayRankin,Victoria
MyleneFreeman,Mylène Freeman,@MyleneFreeman,Argenteuil—Papinea
NortheastShory,Devinder Shory,@NortheastShory,Calgary Northeast
PJacobNPD,Pierre Jacob,@PJacobNPD,Brome—Missisquoi
PLDusseault,Pierre-Luc Dusseault,@PLDusseault,Sherbrooke
ParmGill,Parm Gill,@ParmGill,Brampton—Springdal
PatMartinMP,Pat Martin,@PatMartinMP,Winnipeg Centre
PaulCalandra,Paul Calandra,@PaulCalandra,Oak Ridges—Markham
PaulDewar,Paul Dewar,@PaulDewar,Frontenac
PeggyNashNDP,Peggy Nash,@PeggyNashNDP,Parkdale—High Park
PeterGoldring,Peter Goldring,@PeterGoldring,Edmonton East
PeterPenashue,Peter Penashue,@PeterPenashue,Labrador
PeterStofferMP,Peter Stoffer,@PeterStofferMP,Sackville—Eastern 
Phil4Brant,Phil McColeman,@Phil4Brant,Brant
PierrePoilievre,Pierre Poilievre,@PierrePoilievre,Nepean—Carleton
RCoteBL2011,Raymond Côté,@RCoteBL2011,Beauport—Limoilou
RE_Brosseau,Ruth Ellen Brosseau,@RE_Brosseau,Berthier—Maskinong
RalphGoodale,Ralph Goodale,@RalphGoodale,Wascana
RandyHobackMP,Randy Hoback,@RandyHobackMP,Prince Albert
RandyKampMP,Randy Kamp,@RandyKampMP,Pitt Meadows—Maple
RathikaS,Rathika Sitsabaiesan,@RathikaS,Scarborough—Rouge 
RayBoughenMP,Ray Boughen,@RayBoughenMP,Palliser
RichardIHosein,Richard Hosein,@RichardIHosein,Fleetwood—Port Kel
RickDykstra,Rick Dykstra,@RickDykstra,La Prairie
RickNorlock,Rick Norlock,@RickNorlock,Northumberland—Qui
RobClarkeMP,Rob Clarke,@RobClarkeMP,Desnethé—Missinip
RobMerrifieldMP,Rob Merrifield,@RobMerrifieldMP,Yellowhead
RobMoore_CPC,Rob Moore,@RobMoore_CPC,Fundy Royal
RobNicholsonCPC,Rob Nicholson,@RobNicholsonCPC,Niagara Falls
RobertAubinNPD,Robert Aubin,@RobertAubinNPD,Trois-Rivières
RobertNDP,Robert Chisholm,@RobertNDP,Dartmouth—Cole Har
RobertSopuck,Robert Sopuck,@RobertSopuck,""
RodgerCuzner,Rodger Cuzner,@RodgerCuzner,Cape Breton—Canso
RomeoSaganash,Romeo Saganash,@RomeoSaganash,Abitibi—Baie-James
RonCannan,Ron Cannan,@RonCannan,Kelowna—Lake Count
RosaneDL,Rosane Doré Lefebvre,@RosaneDL,Alfred-Pellan
SanaNPD,Sana Hassainia,@SanaNPD,Verchères—Les Pat
ScarpaleggiaMP,Francis Scarpaleggia,@ScarpaleggiaMP,Lac-Saint-Louis
ScottAndrewsMP,Scott Andrews,@ScottAndrewsMP,Avalon
ScottReidCPC,Scott Reid,@ScottReidCPC,LanarkFrontenac
Scott_Simms,Scott Simms,@Scott_Simms,BonavistaGander
ShellyGloverMIN,Shelly Glover,@ShellyGloverMIN,Saint Boniface
StellaAmbler,Stella Ambler,@StellaAmbler,Mississauga South
SusanTruppe,Susan Truppe,@SusanTruppe,London North Centre
TarikBrahmi,Tarik Brahmi,@TarikBrahmi,Saint-Jean
TedMenzies,Ted Menzies,@TedMenzies,Macleod
TedOpitz,Ted Opitz,@TedOpitz,Etobicoke Centre
TerenceYoungMP,Terence Young,@TerenceYoungMP,Oakville
ThomasMulcair,Thomas Mulcair,@ThomasMulcair,Outremont
TomLukiwski,Tom Lukiwski,@TomLukiwski,Regina—Lumsden—L
TonyclementCPC,Tony Clement,@TonyclementCPC,Parry Sound—Muskok
WMarstonNDP,Wayne Marston,@WMarstonNDP,Hamilton East—Ston
WaiYoung,Wai Young,@WaiYoung,Vancouver South
WayneEaster,Wayne Easter,@WayneEaster,Malpeque
WoodworthMP,Stephen Woodworth,@WoodworthMP,Kitchener Centre
YvonneJJones,Yvonne Jones,@YvonneJJones,Labrador
alexboulerice,Alexandre Boulerice,@alexboulerice,Rosemont—La Petite
andrewscheer,Andrew Scheer,@andrewscheer,Regina—Qu'Appelle
blainecalkinsmp,Blaine Calkins,@blainecalkinsmp,Wetaskiwin
bobzimmermp,Bob Zimmer,@bobzimmermp,Prince George—Peac
brentrathgeber,Brent Rathgeber,@brentrathgeber,Edmonton—St. Alber
brownbarrie,Patrick Brown,@brownbarrie,Okanagan—Coquihall
bruce_stanton,Bruce Stanton,@bruce_stanton,Simcoe North
brucehyer,Bruce Hyer,@brucehyer,Thunder Bay—Superi
btrottier,Bernard Trottier,@btrottier,Etobicoke—Lakeshor
calxandr,Chris Alexander,@calxandr,Ajax—Pickering
cchisu,Corneliu Chisu,@cchisu,Pickering—Scarboro
cherylgallant,Cheryl Gallant,@cherylgallant,RenfrewNipissing
chrischarltonmp,Chris Charlton,@chrischarltonmp,Hamilton Mountain
christianparad,Christian Paradis,@christianparad,Mégantic—L'Érabl
chriswarkentin,Chris Warkentin,@chriswarkentin,Peace River
claude_patry,Claude Patry,@claude_patry,Jonquière—Alma
clearyndp,Ryan Cleary,@clearyndp,St. John's South—M
danharrisndp,Dan Harris,@danharrisndp,Scarborough Southwes
darylkramp,Daryl Kramp,@darylkramp,Prince Edward—Hast
davidtilson,David Tilson,@davidtilson,Dufferin—Caledon
deepakobhrai,Deepak Obhrai,@deepakobhrai,Calgary East
denisesavoie,Denise Savoie,@denisesavoie,Nicolet-Yamaska
dianeablonczymp,Diane Ablonczy,@dianeablonczymp,Calgary—Nose Hill
drdanymorin,Dany Morin,@drdanymorin,Chicoutimi—Le Fjor
earl_dreeshen,Earl Dreeshen,@earl_dreeshen,Red Deer
electdavidwilks,David Wilks,@electdavidwilks,Kootenay—Columbia
emichaudNPD,Élaine Michaud,@emichaudNPD,Portneuf—Jacques-C
evepeclet,Ève Péclet,@evepeclet,La Pointe-de-l'Île
fboivinnpd,Françoise Boivin,@fboivinnpd,Gatineau
fortjf,Jean-François Fortin,@fortjf,Haute-Gaspésie—La
francoispilon,François Pilon,@francoispilon,Laval—Les Îles
geoffregan,Geoff Regan,@geoffregan,Halifax West
gordbrown,Gordon Brown,@gordbrown,Leeds—Grenville
hoangmai_npd,Hoang Mai,@hoangmai_npd,Brossard—La Prairi
irenemathyssen,Irene Mathyssen,@irenemathyssen,London—Fanshawe
jamesbezan,James Bezan,@jamesbezan,Selkirk—Interlake
jameslunneymp,James Lunney,@jameslunneymp,Nanaimo—Alberni
jasbirsandhu,Jasbir Sandhu,@jasbirsandhu,Surrey North
jimhillyer,Jim Hillyer,@jimhillyer,Lethbridge
jimkarygiannis,Jim Karygiannis,@jimkarygiannis,Scarborough—Aginco
jinnysims,Jinny Sims,@jinnysims,Newton—North Delta
joecomartin,Joe Comartin,@joecomartin,Windsor—Tecumseh
joeoliver1,Joe Oliver,@joeoliver1,Eglinton—Lawrence
johnwestonmp,John Weston,@johnwestonmp,West Vancouver—Sun
joycemurray,Joyce Murray,@joycemurray,Vancouver Quadra
kennedystewart,Kennedy Stewart,@kennedystewart,Burnaby—Douglas
kenneyjason,Jason Kenney,@kenneyjason,Jeanne-Mance-Viger
laurinliu,Laurin Liu,@laurinliu,Rivire-des-Mille-
leonaaglukkaq,Leona Aglukkaq,@leonaaglukkaq,Nunavut
lraitt,Lisa Raitt,@lraitt,Halton
markstrahl,Mark Strahl,@markstrahl,Chilliwack—Fraser 
mpcharmaineborg,Charmaine Borg,@mpcharmaineborg,Terrebonne—Blainvi
mpdeandelmastro,Dean Del Mastro,@mpdeandelmastro,Peterborough
mpeveadams,Eve Adams,@mpeveadams,Mississauga—Brampt
mploisbrown,Lois Brown,@mploisbrown,Newmarket—Aurora
mpmikea,Mike Allen,@mpmikea,Tobique—Mactaquac
nathancullen,Nathan Cullen,@nathancullen,Skeena—Bulkley Val
nikiashton,Niki Ashton,@nikiashton,Nelligan
nwtdennis,Dennis Bevington,@nwtdennis,Western Arctic
nycole_turmel,Nycole Turmel,@nycole_turmel,Hull—Aylmer
paulinaayalaNPD,Paulina Ayala,@paulinaayalaNPD,Honoré-Mercier
peterbraid,Peter Braid,@peterbraid,Kitchener—Waterloo
pierrenantel,Pierre Nantel,@pierrenantel,Longueuil—Pierre-B
pmharper,Stephen Harper,@pmharper,La Peltrie
r_garrison,Randall Garrison,@r_garrison,Esquimalt—Juan de 
robertrgoguen,Robert Goguen,@robertrgoguen,MonctonRiverview
rodbruinooge,Rod Bruinooge,@rodbruinooge,Winnipeg South
rodneywestonsj,Rodney Weston,@rodneywestonsj,Saint John
scottbrison,Scott Brison,@scottbrison,Kings—Hants
seancaseymp,Sean Casey,@seancaseymp,Charlottetown
stephanedion,Stéphane Dion,@stephanedion,Saint-Laurent—Cart
stevenjfletcher,Steven Fletcher,@stevenjfletcher,Charleswood—St. Ja
sylvainchicoine,Sylvain Chicoine,@sylvainchicoine,Châteauguay—Saint
tbenskin,Tyrone Benskin,@tbenskin,Jeanne-Le Ber
tedhsu,Ted Hsu,@tedhsu,Kingston and the Isl
