id,name,sort_name,district,mandate_start,mandate_end,party,term,source,image,phone,email,end_date,start_date
oaguad,OSCAR RAUL AGUAD,"AGUAD, OSCAR RAUL",CORDOBA,2013-12-10,2017-12-09,UCR,133,http://www.hcdn.gob.ar/diputados/oaguad/,http://www4.hcdn.gob.ar/fotos/oaguad.jpg,4127-7100,oaguad@diputados.gob.ar,,
laguilar,LINO WALTER AGUILAR,"AGUILAR, LINO WALTER",SAN LUIS,2011-12-10,2015-12-09,COMPROMISO FEDERAL,133,http://www.hcdn.gob.ar/diputados/laguilar/,http://www4.hcdn.gob.ar/fotos/laguilar.jpg,4127-7100,laguilar@diputados.gob.ar,2015-12-09,
malonso,MARIA LUZ ALONSO,"ALONSO, MARIA LUZ",LA PAMPA,2011-12-10,2015-12-09,FRENTE PARA LA VICTORIA - PJ,133,http://www.hcdn.gob.ar/diputados/malonso/,http://www4.hcdn.gob.ar/fotos/malonso.jpg,4127-7100,malonso@diputados.gob.ar,2015-12-09,
lalonso,LAURA ALONSO,"ALONSO, LAURA",CIUDAD de BUENOS AIRES,2013-12-10,2017-12-09,UNION PRO,133,http://www.hcdn.gob.ar/diputados/lalonso/,http://www4.hcdn.gob.ar/fotos/lalonso.jpg,4127-7100,lalonso@diputados.gob.ar,,
aarregui,ANDRES ROBERTO ARREGUI,"ARREGUI, ANDRES ROBERTO",BUENOS AIRES,2011-12-10,2015-12-09,FRENTE PARA LA VICTORIA - PJ,133,http://www.hcdn.gob.ar/diputados/aarregui/,http://www4.hcdn.gob.ar/fotos/aarregui.jpg,4127-7100,aarregui@diputados.gob.ar,2015-12-09,
aasseff,ALBERTO EMILIO ASSEFF,"ASSEFF, ALBERTO EMILIO",BUENOS AIRES,2011-12-10,2015-12-09,UNIR,133,http://www.hcdn.gob.ar/diputados/aasseff/,http://www4.hcdn.gob.ar/fotos/aasseff.jpg,4127-7100,aasseff@diputados.gob.ar,2015-12-09,
havoscan,HERMAN HORACIO AVOSCAN,"AVOSCAN, HERMAN HORACIO",RIO NEGRO,2011-12-10,2015-12-09,FRENTE PARA LA VICTORIA - PJ,133,http://www.hcdn.gob.ar/diputados/havoscan/,http://www4.hcdn.gob.ar/fotos/havoscan.jpg,4127-7100,havoscan@diputados.gob.ar,2015-12-09,
mbalcedo,MARIA ESTER BALCEDO,"BALCEDO, MARIA ESTER",BUENOS AIRES,2011-12-10,2015-12-09,FRENTE PARA LA VICTORIA - PJ,133,http://www.hcdn.gob.ar/diputados/mbalcedo/,http://www4.hcdn.gob.ar/fotos/mbalcedo.jpg,4127-7100,mbalcedo@diputados.gob.ar,2015-12-09,
obarchetta,OMAR SEGUNDO BARCHETTA,"BARCHETTA, OMAR SEGUNDO",SANTA FE,2011-12-10,2015-12-09,PARTIDO SOCIALISTA,133,http://www.hcdn.gob.ar/diputados/obarchetta/,http://www4.hcdn.gob.ar/fotos/obarchetta.jpg,4127-7100,obarchetta@diputados.gob.ar,2015-12-09,
nbedano,NORA ESTHER BEDANO,"BEDANO, NORA ESTHER",CORDOBA,2011-12-10,2015-12-09,FRENTE PARA LA VICTORIA - PJ,133,http://www.hcdn.gob.ar/diputados/nbedano/,http://www4.hcdn.gob.ar/fotos/nbedano.jpg,4127-7100,nbedano@diputados.gob.ar,2015-12-09,
sbergman,SERGIO ALEJANDRO BERGMAN,"BERGMAN, SERGIO ALEJANDRO",CIUDAD de BUENOS AIRES,2013-12-10,2017-12-09,UNION PRO,133,http://www.hcdn.gob.ar/diputados/sbergman/,http://www4.hcdn.gob.ar/fotos/sbergman.jpg,4127-7100,sbergman@diputados.gob.ar,,
mbianchi,MARIA DEL CARMEN BIANCHI,"BIANCHI, MARIA DEL CARMEN",CIUDAD de BUENOS AIRES,2011-12-10,2015-12-09,FRENTE PARA LA VICTORIA - PJ,133,http://www.hcdn.gob.ar/diputados/mbianchi/,http://www4.hcdn.gob.ar/fotos/mbianchi.jpg,4127-7100,mbianchi@diputados.gob.ar,2015-12-09,
gbidegain,GLORIA MERCEDES BIDEGAIN,"BIDEGAIN, GLORIA MERCEDES",BUENOS AIRES,2011-12-10,2015-12-09,FRENTE PARA LA VICTORIA - PJ,133,http://www.hcdn.gob.ar/diputados/gbidegain/,http://www4.hcdn.gob.ar/fotos/gbidegain.jpg,4127-7100,gbidegain@diputados.gob.ar,2015-12-09,
bbiellac,BERNARDO JOSE BIELLA CALVET,"BIELLA CALVET, BERNARDO JOSE",SALTA,2011-12-10,2015-12-09,UDESO SALTA,133,http://www.hcdn.gob.ar/diputados/bbiellac/,http://www4.hcdn.gob.ar/fotos/bbiellac.jpg,4127-7100,bbiellac@diputados.gob.ar,2015-12-09,
gboyadjian,GRACIELA EUNICE BOYADJIAN,"BOYADJIAN, GRACIELA EUNICE",TIERRA DEL FUEGO,2011-12-10,2015-12-09,MOV POP FUEGUINO,133,http://www.hcdn.gob.ar/diputados/gboyadjian/,http://www4.hcdn.gob.ar/fotos/gboyadjian.jpg,4127-7100,gboyadjian@diputados.gob.ar,2015-12-09,
mbrawer,MARA BRAWER,"BRAWER, MARA",CIUDAD de BUENOS AIRES,2011-12-10,2015-12-09,FRENTE PARA LA VICTORIA - PJ,133,http://www.hcdn.gob.ar/diputados/mbrawer/,http://www4.hcdn.gob.ar/fotos/mbrawer.jpg,4127-7100,mbrawer@diputados.gob.ar,2015-12-09,
ibromberg,ISAAC BENJAMIN BROMBERG,"BROMBERG, ISAAC BENJAMIN",TUCUMAN,2011-12-10,2015-12-09,FRENTE PARA LA VICTORIA - PJ,133,http://www.hcdn.gob.ar/diputados/ibromberg/,http://www4.hcdn.gob.ar/fotos/ibromberg.jpg,4127-7100,ibromberg@diputados.gob.ar,2015-12-09,
cbrown,CARLOS RAMON BROWN,"BROWN, CARLOS RAMON",BUENOS AIRES,2011-12-10,2015-12-09,FE,133,http://www.hcdn.gob.ar/diputados/cbrown/,http://www4.hcdn.gob.ar/fotos/cbrown.jpg,4127-7100,cbrown@diputados.gob.ar,2015-12-09,
pbullrich,PATRICIA BULLRICH,"BULLRICH, PATRICIA",CIUDAD de BUENOS AIRES,2011-12-10,2015-12-09,UNION PRO,133,http://www.hcdn.gob.ar/diputados/pbullrich/,http://www4.hcdn.gob.ar/fotos/pbullrich.jpg,4127-7100,pbullrich@diputados.gob.ar,2015-12-09,
rburyaile,RICARDO BURYAILE,"BURYAILE, RICARDO",FORMOSA,2013-12-10,2017-12-09,UCR,133,http://www.hcdn.gob.ar/diputados/rburyaile/,http://www4.hcdn.gob.ar/fotos/rburyaile.jpg,4127-7100,rburyaile@diputados.gob.ar,,
ecalcagno,ERIC CALCAGNO Y MAILLMANN,"CALCAGNO Y MAILLMANN, ERIC",BUENOS AIRES,2011-12-10,2015-12-09,FRENTE PARA LA VICTORIA - PJ,133,http://www.hcdn.gob.ar/diputados/ecalcagno/,http://www4.hcdn.gob.ar/fotos/ecalcagno.jpg,4952-1357,ecalcagno@diputados.gob.ar,2015-12-09,
scanela,SUSANA MERCEDES CANELA,"CANELA, SUSANA MERCEDES",SALTA,2011-12-10,2015-12-09,FRENTE PARA LA VICTORIA - PJ,133,http://www.hcdn.gob.ar/diputados/scanela/,http://www4.hcdn.gob.ar/fotos/scanela.jpg,4127-7100,scanela@diputados.gob.ar,2015-12-09,
jcano,JOSE MANUEL CANO,"CANO, JOSE MANUEL",TUCUMAN,2013-12-10,2017-12-09,UCR,133,http://www.hcdn.gob.ar/diputados/jcano/,http://www4.hcdn.gob.ar/fotos/jcano.jpg,4127-7100,jcano@diputados.gob.ar,,
mcarrillo,MARIA DEL CARMEN CARRILLO,"CARRILLO, MARIA DEL CARMEN",TUCUMAN,2011-12-10,2015-12-09,FRENTE PARA LA VICTORIA - PJ,133,http://www.hcdn.gob.ar/diputados/mcarrillo/,http://www4.hcdn.gob.ar/fotos/mcarrillo.jpg,4127-7100,mcarrillo@diputados.gob.ar,2015-12-09,
ccaserio,CARLOS ALBERTO CASERIO,"CASERIO, CARLOS ALBERTO",CORDOBA,2013-12-10,2017-12-09,UNION POR CORDOBA,133,http://www.hcdn.gob.ar/diputados/ccaserio/,http://www4.hcdn.gob.ar/fotos/ccaserio.jpg,4127-7100,ccaserio@diputados.gob.ar,,
jcejas,JORGE ALBERTO CEJAS,"CEJAS, JORGE ALBERTO",RIO NEGRO,2011-12-10,2015-12-09,FRENTE PARA LA VICTORIA - PJ,133,http://www.hcdn.gob.ar/diputados/jcejas/,http://www4.hcdn.gob.ar/fotos/jcejas.jpg,4127-7100,jcejas@diputados.gob.ar,2015-12-09,
jcobos,JULIO CESAR CLETO COBOS,"COBOS, JULIO CESAR CLETO",MENDOZA,2013-12-10,2017-12-09,UCR,133,http://www.hcdn.gob.ar/diputados/jcobos/,http://www4.hcdn.gob.ar/fotos/jcobos.jpg,4127-7100,jcobos@diputados.gob.ar,,
acomelli,ALICIA MARCELA COMELLI,"COMELLI, ALICIA MARCELA",NEUQUEN,2011-12-10,2015-12-09,MOV POP NEUQUINO,133,http://www.hcdn.gob.ar/diputados/acomelli/,http://www4.hcdn.gob.ar/fotos/acomelli.jpg,4127-7100,acomelli@diputados.gob.ar,2015-12-09,
mcontrera,MONICA GRACIELA CONTRERA,"CONTRERA, MONICA GRACIELA",CHUBUT,2011-12-10,2015-12-09,FRENTE PARA LA VICTORIA - PJ,133,http://www.hcdn.gob.ar/diputados/mcontrera/,http://www4.hcdn.gob.ar/fotos/mcontrera.jpg,4127-7100,mcontrera@diputados.gob.ar,2015-12-09,
rcortina,ROY CORTINA,"CORTINA, ROY",CIUDAD de BUENOS AIRES,2011-12-10,2015-12-09,PARTIDO SOCIALISTA,133,http://www.hcdn.gob.ar/diputados/rcortina/,http://www4.hcdn.gob.ar/fotos/rcortina.jpg,4127-7100,rcortina@diputados.gob.ar,2015-12-09,
rcuccovillo,RICARDO OSCAR CUCCOVILLO,"CUCCOVILLO, RICARDO OSCAR",BUENOS AIRES,2011-12-10,2015-12-09,PARTIDO SOCIALISTA,133,http://www.hcdn.gob.ar/diputados/rcuccovillo/,http://www4.hcdn.gob.ar/fotos/rcuccovillo.jpg,4127-7100,rcuccovillo@diputados.gob.ar,2015-12-09,
mdasneves,MARIO DAS NEVES,"DAS NEVES, MARIO",CHUBUT,2013-12-10,2017-12-09,TRABAJO Y DIGNIDAD,133,http://www.hcdn.gob.ar/diputados/mdasneves/,http://www4.hcdn.gob.ar/fotos/mdasneves.jpg,4127-7100,mdasneves@diputados.gob.ar,,
adato,ALFREDO CARLOS DATO,"DATO, ALFREDO CARLOS",TUCUMAN,2011-12-10,2015-12-09,FRENTE PARA LA VICTORIA - PJ,133,http://www.hcdn.gob.ar/diputados/adato/,http://www4.hcdn.gob.ar/fotos/adato.jpg,4127-7100,adato@diputados.gob.ar,2015-12-09,
pdeferrarir,PATRICIA DE FERRARI RUEDA,"DE FERRARI RUEDA, PATRICIA",CORDOBA,2011-12-10,2015-12-09,UCR,133,http://www.hcdn.gob.ar/diputados/pdeferrarir/,http://www4.hcdn.gob.ar/fotos/pdeferrarir.jpg,4127-7100,pdeferrarir@diputados.gob.ar,2015-12-09,
vdegennaro,VICTOR NORBERTO DE GENNARO,"DE GENNARO, VICTOR NORBERTO",BUENOS AIRES,2011-12-10,2015-12-09,UNIDAD POPULAR,133,http://www.hcdn.gob.ar/diputados/vdegennaro/,http://www4.hcdn.gob.ar/fotos/vdegennaro.jpg,4127-7100,vdegennaro@diputados.gob.ar,2015-12-09,
fdenarvaez,FRANCISCO DE NARVAEZ,"DE NARVAEZ, FRANCISCO",BUENOS AIRES,2013-12-10,2017-12-09,UNION CELESTE Y BLANCO,133,http://www.hcdn.gob.ar/diputados/fdenarvaez/,http://www4.hcdn.gob.ar/fotos/fdenarvaez.jpg,4127-7100,fdenarvaez@diputados.gob.ar,,
ndelcano,NICOLAS DEL CAÑO,"DEL CAÑO, NICOLAS",MENDOZA,2013-12-10,2017-12-09,PTS - FRENTE DE IZQUIERDA,133,http://www.hcdn.gob.ar/diputados/ndelcano/,http://www4.hcdn.gob.ar/fotos/ndelcano.jpg,4127-7100,ndelcano@diputados.gob.ar,,
jdiaz,JOSE MARIA DIAZ BANCALARI,"DIAZ BANCALARI, JOSE MARIA",BUENOS AIRES,2011-12-10,2015-12-09,FRENTE PARA LA VICTORIA - PJ,133,http://www.hcdn.gob.ar/diputados/jdiaz/,http://www4.hcdn.gob.ar/fotos/jdiaz.jpg,4127-7100,jdiaz@diputados.gob.ar,2015-12-09,
jdominguez,JULIAN ANDRES DOMINGUEZ,"DOMINGUEZ, JULIAN ANDRES",BUENOS AIRES,2011-12-10,2015-12-09,FRENTE PARA LA VICTORIA - PJ,133,http://www.hcdn.gob.ar/diputados/jdominguez/,http://www4.hcdn.gob.ar/fotos/jdominguez.jpg,4127-7100,jdominguez@diputados.gob.ar,2015-12-09,
cdonkin,CARLOS GUILLERMO DONKIN,"DONKIN, CARLOS GUILLERMO",FORMOSA,2011-12-10,2015-12-09,FRENTE PARA LA VICTORIA - PJ,133,http://www.hcdn.gob.ar/diputados/cdonkin/,http://www4.hcdn.gob.ar/fotos/cdonkin.jpg,4127-7100,cdonkin@diputados.gob.ar,2015-12-09,
oduclos,OMAR ARNALDO DUCLOS,"DUCLOS, OMAR ARNALDO",BUENOS AIRES,2011-12-10,2015-12-09,GEN,133,http://www.hcdn.gob.ar/diputados/oduclos/,http://www4.hcdn.gob.ar/fotos/oduclos.jpg,4127-7100,oduclos@diputados.gob.ar,2015-12-09,
oelorriaga,OSVALDO ENRIQUE ELORRIAGA,"ELORRIAGA, OSVALDO ENRIQUE",ENTRE RIOS,2011-12-10,2015-12-09,FRENTE PARA LA VICTORIA - PJ,133,http://www.hcdn.gob.ar/diputados/oelorriaga/,http://www4.hcdn.gob.ar/fotos/oelorriaga.jpg,4127-7100,oelorriaga@diputados.gob.ar,2015-12-09,
lesper,LAURA ESPER,"ESPER, LAURA",BUENOS AIRES,2011-12-10,2015-12-09,FRENTE RENOVADOR,133,http://www.hcdn.gob.ar/diputados/lesper/,http://www4.hcdn.gob.ar/fotos/lesper.jpg,4127-7100,lesper@diputados.gob.ar,2015-12-09,
rfeletti,ROBERTO JOSE FELETTI,"FELETTI, ROBERTO JOSE",CIUDAD de BUENOS AIRES,2011-12-10,2015-12-09,FRENTE PARA LA VICTORIA - PJ,133,http://www.hcdn.gob.ar/diputados/rfeletti/,http://www4.hcdn.gob.ar/fotos/rfeletti.jpg,4127-7100,rfeletti@diputados.gob.ar,2015-12-09,
mfernandezb,MARIA CRISTINA FERNANDEZ BLANCO,"FERNANDEZ BLANCO, MARIA CRISTINA",JUJUY,2011-12-10,2015-12-09,UCR,133,http://www.hcdn.gob.ar/diputados/mfernandezb/,http://www4.hcdn.gob.ar/fotos/mfernandezb.jpg,4127-7100,mfernandezb@diputados.gob.ar,2015-12-09,
afernandezs,ANABEL FERNANDEZ SAGASTI,"FERNANDEZ SAGASTI, ANABEL",MENDOZA,2011-12-10,2015-12-09,FRENTE PARA LA VICTORIA - PJ,133,http://www.hcdn.gob.ar/diputados/afernandezs/,http://www4.hcdn.gob.ar/fotos/afernandezs.jpg,4127-7100,afernandezs@diputados.gob.ar,2015-12-09,
mfiad,MARIO RAYMUNDO FIAD,"FIAD, MARIO RAYMUNDO",JUJUY,2013-12-10,2017-12-09,UCR,133,http://www.hcdn.gob.ar/diputados/mfiad/,http://www4.hcdn.gob.ar/fotos/mfiad.jpg,4127-7100,mfiad@diputados.gob.ar,,
ffrancioni,FABIAN MARCELO FRANCIONI,"FRANCIONI, FABIAN MARCELO",CORDOBA,2011-12-10,2015-12-09,FRENTE PARA LA VICTORIA - PJ,133,http://www.hcdn.gob.ar/diputados/ffrancioni/,http://www4.hcdn.gob.ar/fotos/ffrancioni.jpg,4127-7100,ffrancioni@diputados.gob.ar,2015-12-09,
jgagliardi,JOSUE GAGLIARDI,"GAGLIARDI, JOSUE",RIO NEGRO,2011-12-10,2015-12-09,FRENTE PARA LA VICTORIA - PJ,133,http://www.hcdn.gob.ar/diputados/jgagliardi/,http://www4.hcdn.gob.ar/fotos/jgagliardi.jpg,4127-7100,jgagliardi@diputados.gob.ar,2015-12-09,
agarcia,ANDREA FABIANA GARCIA,"GARCIA, ANDREA FABIANA",BUENOS AIRES,2011-12-10,2015-12-09,FRENTE PARA LA VICTORIA - PJ,133,http://www.hcdn.gob.ar/diputados/agarcia/,http://www4.hcdn.gob.ar/fotos/agarcia.jpg,4127-7100,agarcia@diputados.gob.ar,2015-12-09,
mgarrido,MANUEL GARRIDO,"GARRIDO, MANUEL",CIUDAD de BUENOS AIRES,2011-12-10,2015-12-09,UCR,133,http://www.hcdn.gob.ar/diputados/mgarrido/,http://www4.hcdn.gob.ar/fotos/mgarrido.jpg,4127-7100,mgarrido@diputados.gob.ar,2015-12-09,
cgdansky,CARLOS ENRIQUE GDANSKY,"GDANSKY, CARLOS ENRIQUE",BUENOS AIRES,2011-12-10,2015-12-09,FRENTE PARA LA VICTORIA - PJ,133,http://www.hcdn.gob.ar/diputados/cgdansky/,http://www4.hcdn.gob.ar/fotos/cgdansky.jpg,4127-7100,cgdansky@diputados.gob.ar,2015-12-09,
cgiaccone,CLAUDIA ALEJANDRA GIACCONE,"GIACCONE, CLAUDIA ALEJANDRA",SANTA FE,2011-12-10,2015-12-09,FRENTE PARA LA VICTORIA - PJ,133,http://www.hcdn.gob.ar/diputados/cgiaccone/,http://www4.hcdn.gob.ar/fotos/cgiaccone.jpg,4127-7100,cgiaccone@diputados.gob.ar,2015-12-09,
dgiacomino,DANIEL OSCAR GIACOMINO,"GIACOMINO, DANIEL OSCAR",CORDOBA,2011-12-10,2015-12-09,FRENTE PARA LA VICTORIA - PJ,133,http://www.hcdn.gob.ar/diputados/dgiacomino/,http://www4.hcdn.gob.ar/fotos/dgiacomino.jpg,4127-7100,dgiacomino@diputados.gob.ar,2015-12-09,
ggiannettasio,GRACIELA MARIA GIANNETTASIO,"GIANNETTASIO, GRACIELA MARIA",BUENOS AIRES,2011-12-10,2015-12-09,FRENTE PARA LA VICTORIA - PJ,133,http://www.hcdn.gob.ar/diputados/ggiannettasio/,http://www4.hcdn.gob.ar/fotos/ggiannettasio.jpg,4127-7100,ggiannettasio@diputados.gob.ar,2015-12-09,
mgill,MARTIN RODRIGO GILL,"GILL, MARTIN RODRIGO",CORDOBA,2013-12-10,2017-12-09,FRENTE PARA LA VICTORIA - PJ,133,http://www.hcdn.gob.ar/diputados/mgill/,http://www4.hcdn.gob.ar/fotos/mgill.jpg,4127-7100,mgill@diputados.gob.ar,,
rgiustozzi,RUBEN DARIO GIUSTOZZI,"GIUSTOZZI, RUBEN DARIO",BUENOS AIRES,2013-12-10,2017-12-09,BLOQUE SOCIAL CRISTIANO,133,http://www.hcdn.gob.ar/diputados/rgiustozzi/,http://www4.hcdn.gob.ar/fotos/rgiustozzi.jpg,4127-7100,rgiustozzi@diputados.gob.ar,,
jgonzalez,JUAN DANTE GONZALEZ,"GONZALEZ, JUAN DANTE",MENDOZA,2011-12-10,2015-12-09,FRENTE PARA LA VICTORIA - PJ,133,http://www.hcdn.gob.ar/diputados/jgonzalez/,http://www4.hcdn.gob.ar/fotos/jgonzalez.jpg,4127-7100,jgonzalez@diputados.gob.ar,2015-12-09,
vgonzalez,VERONICA GONZALEZ,"GONZALEZ, VERONICA",TIERRA DEL FUEGO,2011-12-10,2015-12-09,FRENTE PARA LA VICTORIA - PJ,133,http://www.hcdn.gob.ar/diputados/vgonzalez/,http://www4.hcdn.gob.ar/fotos/vgonzalez.jpg,4127-7100,vgonzalez@diputados.gob.ar,2015-12-09,
cgribaudo,CHRISTIAN ALEJANDRO GRIBAUDO,"GRIBAUDO, CHRISTIAN ALEJANDRO",BUENOS AIRES,2013-12-10,2017-12-09,UNION PRO,133,http://www.hcdn.gob.ar/diputados/cgribaudo/,http://www4.hcdn.gob.ar/fotos/cgribaudo.jpg,4127-7100,cgribaudo@diputados.gob.ar,,
jguccione,JOSE DANIEL GUCCIONE,"GUCCIONE, JOSE DANIEL",MISIONES,2011-12-10,2015-12-09,FRENTE RENOVADOR DE LA CONCORDIA MISIONES - FPV-PJ,133,http://www.hcdn.gob.ar/diputados/jguccione/,http://www4.hcdn.gob.ar/fotos/jguccione.jpg,4127-7100,jguccione@diputados.gob.ar,2015-12-09,
mgutierrez,MONICA EDITH GUTIERREZ,"GUTIERREZ, MONICA EDITH",CORDOBA,2011-12-10,2015-12-09,FRENTE PARA LA VICTORIA - PJ,133,http://www.hcdn.gob.ar/diputados/mgutierrez/,http://www4.hcdn.gob.ar/fotos/mgutierrez.jpg,4127-7100,mgutierrez@diputados.gob.ar,2015-12-09,
gharispe,GASTON HARISPE,"HARISPE, GASTON",BUENOS AIRES,2011-12-10,2015-12-09,FRENTE PARA LA VICTORIA - PJ,133,http://www.hcdn.gob.ar/diputados/gharispe/,http://www4.hcdn.gob.ar/fotos/gharispe.jpg,4127-7100,gharispe@diputados.gob.ar,2015-12-09,
gherrera,GRISELDA NOEMI HERRERA,"HERRERA, GRISELDA NOEMI",LA RIOJA,2011-12-10,2015-12-09,FRENTE PARA LA VICTORIA - PJ,133,http://www.hcdn.gob.ar/diputados/gherrera/,http://www4.hcdn.gob.ar/fotos/gherrera.jpg,4127-7100,gherrera@diputados.gob.ar,2015-12-09,
aianni,ANA MARIA IANNI,"IANNI, ANA MARIA",SANTA CRUZ,2011-12-10,2015-12-09,FRENTE PARA LA VICTORIA - PJ,133,http://www.hcdn.gob.ar/diputados/aianni/,http://www4.hcdn.gob.ar/fotos/aianni.jpg,4127-7100,aianni@diputados.gob.ar,2015-12-09,
pjavkin,PABLO LAUTARO JAVKIN,"JAVKIN, PABLO LAUTARO",SANTA FE,2013-12-10,2017-12-09,COALICION CIVICA ARI - UNEN,133,http://www.hcdn.gob.ar/diputados/pjavkin/,http://www4.hcdn.gob.ar/fotos/pjavkin.jpg,4127-7100,pjavkin@diputados.gob.ar,,
jcjunio,JUAN CARLOS ISAAC JUNIO,"JUNIO, JUAN CARLOS ISAAC",CIUDAD de BUENOS AIRES,2011-12-10,2015-12-09,SOLIDARIO SI,133,http://www.hcdn.gob.ar/diputados/jcjunio/,http://www4.hcdn.gob.ar/fotos/jcjunio.jpg,4127-7100,jcjunio@diputados.gob.ar,2015-12-09,
jlandau,JORGE ALBERTO LANDAU,"LANDAU, JORGE ALBERTO",BUENOS AIRES,2011-12-10,2015-12-09,FRENTE PARA LA VICTORIA - PJ,133,http://www.hcdn.gob.ar/diputados/jlandau/,http://www4.hcdn.gob.ar/fotos/jlandau.jpg,4127-7100,jlandau@diputados.gob.ar,2015-12-09,
sleverberg,STELLA MARIS LEVERBERG,"LEVERBERG, STELLA MARIS",MISIONES,2011-12-10,2015-12-09,FRENTE RENOVADOR DE LA CONCORDIA MISIONES - FPV-PJ,133,http://www.hcdn.gob.ar/diputados/sleverberg/,http://www4.hcdn.gob.ar/fotos/sleverberg.jpg,4127-7100,sleverberg@diputados.gob.ar,2015-12-09,
vlinares,MARIA VIRGINIA LINARES,"LINARES, MARIA VIRGINIA",BUENOS AIRES,2011-12-10,2015-12-09,GEN,133,http://www.hcdn.gob.ar/diputados/vlinares/,http://www4.hcdn.gob.ar/fotos/vlinares.jpg,4127-7100,vlinares@diputados.gob.ar,2015-12-09,
mlousteau,MARTIN LOUSTEAU,"LOUSTEAU, MARTIN",CIUDAD de BUENOS AIRES,2013-12-10,2017-12-09,SUMA + UNEN,133,http://www.hcdn.gob.ar/diputados/mlousteau/,http://www4.hcdn.gob.ar/fotos/mlousteau.jpg,4127-7100,mlousteau@diputados.gob.ar,,
clozano,CLAUDIO RAUL LOZANO,"LOZANO, CLAUDIO RAUL",CIUDAD de BUENOS AIRES,2011-12-10,2015-12-09,UNIDAD POPULAR,133,http://www.hcdn.gob.ar/diputados/clozano/,http://www4.hcdn.gob.ar/fotos/clozano.jpg,4127-7100,clozano@diputados.gob.ar,2015-12-09,
cmacallister,CARLOS JAVIER MAC ALLISTER,"MAC ALLISTER, CARLOS JAVIER",LA PAMPA,2013-12-10,2017-12-09,UNION PRO,133,http://www.hcdn.gob.ar/diputados/cmacallister/,http://www4.hcdn.gob.ar/fotos/cmacallister.jpg,4127-7100,cmacallister@diputados.gob.ar,,
vmagario,VERONICA MARIA MAGARIO,"MAGARIO, VERONICA MARIA",BUENOS AIRES,2013-12-10,2017-12-09,FRENTE PARA LA VICTORIA - PJ,133,http://www.hcdn.gob.ar/diputados/vmagario/,http://www4.hcdn.gob.ar/fotos/vmagario.jpg,4127-7100,vmagario@diputados.gob.ar,,
smajdalani,SILVIA CRISTINA MAJDALANI,"MAJDALANI, SILVIA CRISTINA",CIUDAD de BUENOS AIRES,2013-12-10,2017-12-09,UNION PRO,133,http://www.hcdn.gob.ar/diputados/smajdalani/,http://www4.hcdn.gob.ar/fotos/smajdalani.jpg,4127-7100,smajdalani@diputados.gob.ar,,
vmaldonado,VICTOR HUGO MALDONADO,"MALDONADO, VICTOR HUGO",CHACO,2011-12-10,2015-12-09,UCR,133,http://www.hcdn.gob.ar/diputados/vmaldonado/,http://www4.hcdn.gob.ar/fotos/vmaldonado.jpg,4127-7100,vmaldonado@diputados.gob.ar,2015-12-09,
jmarcopulos,JUAN FERNANDO MARCOPULOS,"MARCOPULOS, JUAN FERNANDO",CORRIENTES,2011-12-10,2015-12-09,FRENTE PARA LA VICTORIA - PJ,133,http://www.hcdn.gob.ar/diputados/jmarcopulos/,http://www4.hcdn.gob.ar/fotos/jmarcopulos.jpg,4127-7100,jmarcopulos@diputados.gob.ar,2015-12-09,
jmartinez,JULIO CESAR MARTINEZ,"MARTINEZ, JULIO CESAR",LA RIOJA,2013-12-10,2017-12-09,UCR,133,http://www.hcdn.gob.ar/diputados/jmartinez/,http://www4.hcdn.gob.ar/fotos/jmartinez.jpg,4127-7100,jmartinez@diputados.gob.ar,,
omartinez,OSCAR ARIEL MARTINEZ,"MARTINEZ, OSCAR ARIEL",SANTA FE,2011-12-10,2015-12-09,FRENTE RENOVADOR,133,http://www.hcdn.gob.ar/diputados/omartinez/,http://www4.hcdn.gob.ar/fotos/omartinez.jpg,4127-7100,omartinez@diputados.gob.ar,2015-12-09,
mmetaza,MARIO ALFREDO METAZA,"METAZA, MARIO ALFREDO",SANTA CRUZ,2011-12-10,2015-12-09,FRENTE PARA LA VICTORIA - PJ,133,http://www.hcdn.gob.ar/diputados/mmetaza/,http://www4.hcdn.gob.ar/fotos/mmetaza.jpg,4127-7100,mmetaza@diputados.gob.ar,2015-12-09,
mmolina,MANUEL ISAURO MOLINA,"MOLINA, MANUEL ISAURO",CATAMARCA,2011-12-10,2015-12-09,FRENTE PARA LA VICTORIA - PJ,133,http://www.hcdn.gob.ar/diputados/mmolina/,http://www4.hcdn.gob.ar/fotos/mmolina.jpg,4127-7100,mmolina@diputados.gob.ar,2015-12-09,
jmongelo,JOSE RICARDO MONGELO,"MONGELO, JOSE RICARDO",CHACO,2011-12-10,2015-12-09,FRENTE PARA LA VICTORIA - PJ,133,http://www.hcdn.gob.ar/diputados/jmongelo/,http://www4.hcdn.gob.ar/fotos/jmongelo.jpg,4127-7100,jmongelo@diputados.gob.ar,2015-12-09,
emuller,EDGAR RAUL MÜLLER,"MÜLLER, EDGAR RAUL",CORDOBA,2011-12-10,2015-12-09,COMPROMISO FEDERAL,133,http://www.hcdn.gob.ar/diputados/emuller/,http://www4.hcdn.gob.ar/fotos/emuller.jpg,4127-7100,emuller@diputados.gob.ar,2015-12-09,
moporto,MARIO NESTOR OPORTO,"OPORTO, MARIO NESTOR",BUENOS AIRES,2011-12-10,2015-12-09,FRENTE PARA LA VICTORIA - PJ,133,http://www.hcdn.gob.ar/diputados/moporto/,http://www4.hcdn.gob.ar/fotos/moporto.jpg,4127-7100,moporto@diputados.gob.ar,2015-12-09,
mortiz,MARIELA ORTIZ,"ORTIZ, MARIELA",JUJUY,2011-12-10,2015-12-09,FRENTE PARA LA VICTORIA - PJ,133,http://www.hcdn.gob.ar/diputados/mortiz/,http://www4.hcdn.gob.ar/fotos/mortiz.jpg,4127-7100,mortiz@diputados.gob.ar,2015-12-09,
mortizcorrea,MARCIA SARA MARIA ORTIZ CORREA,"ORTIZ CORREA, MARCIA SARA MARIA",CATAMARCA,2011-12-10,2015-12-09,FRENTE PARA LA VICTORIA - PJ,133,http://www.hcdn.gob.ar/diputados/mortizcorrea/,http://www4.hcdn.gob.ar/fotos/mortizcorrea.jpg,4127-7100,mortizcorrea@diputados.gob.ar,2015-12-09,
jpais,JUAN MARIO PAIS,"PAIS, JUAN MARIO",CHUBUT,2011-12-10,2015-12-09,FRENTE PARA LA VICTORIA - PJ,133,http://www.hcdn.gob.ar/diputados/jpais/,http://www4.hcdn.gob.ar/fotos/jpais.jpg,4127-7100,jpais@diputados.gob.ar,2015-12-09,
nparrilli,NANCI MARIA AGUSTINA PARRILLI,"PARRILLI, NANCI MARIA AGUSTINA",NEUQUEN,2013-12-10,2017-12-09,FRENTE PARA LA VICTORIA - PJ,133,http://www.hcdn.gob.ar/diputados/nparrilli/,http://www4.hcdn.gob.ar/fotos/nparrilli.jpg,4127-7100,nparrilli@diputados.gob.ar,,
apasini,ARIEL OSVALDO ELOY PASINI,"PASINI, ARIEL OSVALDO ELOY",BUENOS AIRES,2011-12-10,2015-12-09,FRENTE PARA LA VICTORIA - PJ,133,http://www.hcdn.gob.ar/diputados/apasini/,http://www4.hcdn.gob.ar/fotos/apasini.jpg,4127-7100,apasini@diputados.gob.ar,2015-12-09,
fperalta,FABIAN FRANCISCO PERALTA,"PERALTA, FABIAN FRANCISCO",SANTA FE,2011-12-10,2015-12-09,GEN,133,http://www.hcdn.gob.ar/diputados/fperalta/,http://www4.hcdn.gob.ar/fotos/fperalta.jpg,4127-7100,fperalta@diputados.gob.ar,2015-12-09,
aperez,ADRIAN PEREZ,"PEREZ, ADRIAN",BUENOS AIRES,2013-12-10,2017-12-09,FRENTE RENOVADOR,133,http://www.hcdn.gob.ar/diputados/aperez/,http://www4.hcdn.gob.ar/fotos/aperez.jpg,4127-7100,aperez@diputados.gob.ar,,
jperie,JULIA ARGENTINA PERIE,"PERIE, JULIA ARGENTINA",MISIONES,2011-12-10,2015-12-09,FRENTE PARA LA VICTORIA - PJ,133,http://www.hcdn.gob.ar/diputados/jperie/,http://www4.hcdn.gob.ar/fotos/jperie.jpg,4127-7100,jperie@diputados.gob.ar,2015-12-09,
operotti,OMAR ANGEL PEROTTI,"PEROTTI, OMAR ANGEL",SANTA FE,2011-12-10,2015-12-09,FRENTE PARA LA VICTORIA - PJ,133,http://www.hcdn.gob.ar/diputados/operotti/,http://www4.hcdn.gob.ar/fotos/operotti.jpg,4127-7100,operotti@diputados.gob.ar,2015-12-09,
aperroni,ANA MARIA PERRONI,"PERRONI, ANA MARIA",CORRIENTES,2011-12-10,2015-12-09,FRENTE PARA LA VICTORIA - PJ,133,http://www.hcdn.gob.ar/diputados/aperroni/,http://www4.hcdn.gob.ar/fotos/aperroni.jpg,4127-7100,aperroni@diputados.gob.ar,2015-12-09,
hpietragallac,HORACIO PIETRAGALLA CORTI,"PIETRAGALLA CORTI, HORACIO",BUENOS AIRES,2011-12-10,2015-12-09,FRENTE PARA LA VICTORIA - PJ,133,http://www.hcdn.gob.ar/diputados/hpietragallac/,http://www4.hcdn.gob.ar/fotos/hpietragallac.jpg,4127-7100,hpietragallac@diputados.gob.ar,2015-12-09,
fpinedo,FEDERICO PINEDO,"PINEDO, FEDERICO",CIUDAD de BUENOS AIRES,2011-12-10,2015-12-09,UNION PRO,133,http://www.hcdn.gob.ar/diputados/fpinedo/,http://www4.hcdn.gob.ar/fotos/fpinedo.jpg,4127-7100,fpinedo@diputados.gob.ar,2015-12-09,
aportela,AGUSTIN ALBERTO PORTELA,"PORTELA, AGUSTIN ALBERTO",CORRIENTES,2011-12-10,2015-12-09,UCR,133,http://www.hcdn.gob.ar/diputados/aportela/,http://www4.hcdn.gob.ar/fotos/aportela.jpg,4127-7100,aportela@diputados.gob.ar,2015-12-09,
rpradines,ROBERTO ARTURO PRADINES,"PRADINES, ROBERTO ARTURO",MENDOZA,2011-12-10,2015-12-09,DEMOCRATA DE MENDOZA,133,http://www.hcdn.gob.ar/diputados/rpradines/,http://www4.hcdn.gob.ar/fotos/rpradines.jpg,4127-7100,rpradines@diputados.gob.ar,2015-12-09,
rpucheta,RAMONA PUCHETA,"PUCHETA, RAMONA",BUENOS AIRES,2011-12-10,2015-12-09,FRENTE POR LA INCLUSION SOCIAL,133,http://www.hcdn.gob.ar/diputados/rpucheta/,http://www4.hcdn.gob.ar/fotos/rpucheta.jpg,4127-7100,rpucheta@diputados.gob.ar,2015-12-09,
apuiggros,ADRIANA VICTORIA PUIGGROS,"PUIGGROS, ADRIANA VICTORIA",BUENOS AIRES,2011-12-10,2015-12-09,FRENTE PARA LA VICTORIA - PJ,133,http://www.hcdn.gob.ar/diputados/apuiggros/,http://www4.hcdn.gob.ar/fotos/apuiggros.jpg,4127-7100,apuiggros@diputados.gob.ar,2015-12-09,
craimundi,CARLOS RAIMUNDI,"RAIMUNDI, CARLOS",BUENOS AIRES,2011-12-10,2015-12-09,SOLIDARIO SI,133,http://www.hcdn.gob.ar/diputados/craimundi/,http://www4.hcdn.gob.ar/fotos/craimundi.jpg,4127-7100,craimundi@diputados.gob.ar,2015-12-09,
erasino,ELIDA ELENA RASINO,"RASINO, ELIDA ELENA",SANTA FE,2011-12-10,2015-12-09,PARTIDO SOCIALISTA,133,http://www.hcdn.gob.ar/diputados/erasino/,http://www4.hcdn.gob.ar/fotos/erasino.jpg,4127-7100,erasino@diputados.gob.ar,2015-12-09,
oredczuk,OSCAR FELIPE REDCZUK,"REDCZUK, OSCAR FELIPE",MISIONES,2011-12-10,2015-12-09,FRENTE RENOVADOR DE LA CONCORDIA MISIONES - FPV-PJ,133,http://www.hcdn.gob.ar/diputados/oredczuk/,http://www4.hcdn.gob.ar/fotos/oredczuk.jpg,4127-7100,oredczuk@diputados.gob.ar,2015-12-09,
ariestra,ANTONIO SABINO RIESTRA,"RIESTRA, ANTONIO SABINO",SANTA FE,2011-12-10,2015-12-09,UNIDAD POPULAR,133,http://www.hcdn.gob.ar/diputados/ariestra/,http://www4.hcdn.gob.ar/fotos/ariestra.jpg,4127-7100,ariestra@diputados.gob.ar,2015-12-09,
lrios,LILIANA MARIA RIOS,"RIOS, LILIANA MARIA",ENTRE RIOS,2011-12-10,2015-12-09,FRENTE PARA LA VICTORIA - PJ,133,http://www.hcdn.gob.ar/diputados/lrios/,http://www4.hcdn.gob.ar/fotos/lrios.jpg,4127-7100,lrios@diputados.gob.ar,2015-12-09,
rrivarola,RUBEN ARMANDO RIVAROLA,"RIVAROLA, RUBEN ARMANDO",JUJUY,2011-12-10,2015-12-09,FRENTE PARA LA VICTORIA - PJ,133,http://www.hcdn.gob.ar/diputados/rrivarola/,http://www4.hcdn.gob.ar/fotos/rrivarola.jpg,4127-7100,rrivarola@diputados.gob.ar,2015-12-09,
jrivas,JORGE RIVAS,"RIVAS, JORGE",BUENOS AIRES,2011-12-10,2015-12-09,FRENTE PARA LA VICTORIA - PJ,133,http://www.hcdn.gob.ar/diputados/jrivas/,http://www4.hcdn.gob.ar/fotos/jrivas.jpg,4127-7100,jrivas@diputados.gob.ar,2015-12-09,
frogel,FABIAN DULIO ROGEL,"ROGEL, FABIAN DULIO",ENTRE RIOS,2011-12-10,2015-12-09,UCR,133,http://www.hcdn.gob.ar/diputados/frogel/,http://www4.hcdn.gob.ar/fotos/frogel.jpg,4127-7100,frogel@diputados.gob.ar,2015-12-09,
aruiz,AIDA DELIA RUIZ,"RUIZ, AIDA DELIA",SANTIAGO DEL ESTERO,2011-12-10,2015-12-09,FRENTE CIVICO POR SANTIAGO,133,http://www.hcdn.gob.ar/diputados/aruiz/,http://www4.hcdn.gob.ar/fotos/aruiz.jpg,4127-7100,aruiz@diputados.gob.ar,2015-12-09,
lsacca,LUIS FERNANDO SACCA,"SACCA, LUIS FERNANDO",TUCUMAN,2011-12-10,2015-12-09,UCR,133,http://www.hcdn.gob.ar/diputados/lsacca/,http://www4.hcdn.gob.ar/fotos/lsacca.jpg,4127-7100,lsacca@diputados.gob.ar,2015-12-09,
fsalino,FERNANDO ALDO SALINO,"SALINO, FERNANDO ALDO",SAN LUIS,2013-12-10,2017-12-09,COMPROMISO FEDERAL,133,http://www.hcdn.gob.ar/diputados/fsalino/,http://www4.hcdn.gob.ar/fotos/fsalino.jpg,4127-7100,fsalino@diputados.gob.ar,,
esantin,EDUARDO SANTIN,"SANTIN, EDUARDO",BUENOS AIRES,2011-12-10,2015-12-09,MOVIMIENTO NACIONAL ALFONSINISTA,133,http://www.hcdn.gob.ar/diputados/esantin/,http://www4.hcdn.gob.ar/fotos/esantin.jpg,4127-7100,esantin@diputados.gob.ar,2015-12-09,
jschiaretti,JUAN SCHIARETTI,"SCHIARETTI, JUAN",CORDOBA,2013-12-10,2017-12-09,UNION POR CORDOBA,133,http://www.hcdn.gob.ar/diputados/jschiaretti/,http://www4.hcdn.gob.ar/fotos/jschiaretti.jpg,4127-7100,jschiaretti@diputados.gob.ar,,
rsciutto,RUBEN DARIO SCIUTTO,"SCIUTTO, RUBEN DARIO",TIERRA DEL FUEGO,2011-12-10,2015-12-09,PERONISMO MAS AL SUR,133,http://www.hcdn.gob.ar/diputados/rsciutto/,http://www4.hcdn.gob.ar/fotos/rsciutto.jpg,4127-7100,rsciutto@diputados.gob.ar,2015-12-09,
asegarra,ADELA ROSA SEGARRA,"SEGARRA, ADELA ROSA",BUENOS AIRES,2011-12-10,2015-12-09,FRENTE PARA LA VICTORIA - PJ,133,http://www.hcdn.gob.ar/diputados/asegarra/,http://www4.hcdn.gob.ar/fotos/asegarra.jpg,4127-7100,asegarra@diputados.gob.ar,2015-12-09,
ssimoncini,SILVIA ROSA SIMONCINI,"SIMONCINI, SILVIA ROSA",SANTA FE,2011-12-10,2015-12-09,FRENTE PARA LA VICTORIA - PJ,133,http://www.hcdn.gob.ar/diputados/ssimoncini/,http://www4.hcdn.gob.ar/fotos/ssimoncini.jpg,4127-7100,ssimoncini@diputados.gob.ar,2015-12-09,
gsoto,GLADYS BEATRIZ SOTO,"SOTO, GLADYS BEATRIZ",CHACO,2011-12-10,2015-12-09,FRENTE PARA LA VICTORIA - PJ,133,http://www.hcdn.gob.ar/diputados/gsoto/,http://www4.hcdn.gob.ar/fotos/gsoto.jpg,4127-7100,gsoto@diputados.gob.ar,2015-12-09,
fsturzenegger,FEDERICO ADOLFO STURZENEGGER,"STURZENEGGER, FEDERICO ADOLFO",CIUDAD de BUENOS AIRES,2013-12-10,2017-12-09,UNION PRO,133,http://www.hcdn.gob.ar/diputados/fsturzenegger/,http://www4.hcdn.gob.ar/fotos/fsturzenegger.jpg,4127-7100,fsturzenegger@diputados.gob.ar,,
jtineo,JAVIER HECTOR TINEO,"TINEO, JAVIER HECTOR",LA RIOJA,2011-12-10,2015-12-09,FRENTE PARA LA VICTORIA - PJ,133,http://www.hcdn.gob.ar/diputados/jtineo/,http://www4.hcdn.gob.ar/fotos/jtineo.jpg,4127-7100,jtineo@diputados.gob.ar,2015-12-09,
atriaca,ALBERTO JORGE TRIACA,"TRIACA, ALBERTO JORGE",CIUDAD de BUENOS AIRES,2013-12-10,2017-12-09,UNION PRO,133,http://www.hcdn.gob.ar/diputados/atriaca/,http://www4.hcdn.gob.ar/fotos/atriaca.jpg,4127-7100,atriaca@diputados.gob.ar,,
junac,JOSE RUBEN UÑAC,"UÑAC, JOSE RUBEN",SAN JUAN,2011-12-10,2015-12-09,FRENTE PARA LA VICTORIA - PJ,133,http://www.hcdn.gob.ar/diputados/junac/,http://www4.hcdn.gob.ar/fotos/junac.jpg,4127-7100,junac@diputados.gob.ar,2015-12-09,
jvalinotto,JORGE ANSELMO VALINOTTO,"VALINOTTO, JORGE ANSELMO",CORDOBA,2011-12-10,2015-12-09,FRENTE CIVICO - CORDOBA,133,http://www.hcdn.gob.ar/diputados/jvalinotto/,http://www4.hcdn.gob.ar/fotos/jvalinotto.jpg,4127-7100,jvalinotto@diputados.gob.ar,2015-12-09,
evaquie,ENRIQUE ANDRES VAQUIE,"VAQUIE, ENRIQUE ANDRES",MENDOZA,2011-12-10,2015-12-09,UCR,133,http://www.hcdn.gob.ar/diputados/evaquie/,http://www4.hcdn.gob.ar/fotos/evaquie.jpg,4127-7100,evaquie@diputados.gob.ar,2015-12-09,
jvilarino,JOSE ANTONIO VILARIÑO,"VILARIÑO, JOSE ANTONIO",SALTA,2011-12-10,2015-12-09,FRENTE PARA LA VICTORIA - PJ,133,http://www.hcdn.gob.ar/diputados/jvilarino/,http://www4.hcdn.gob.ar/fotos/jvilarino.jpg,4127-7100,jvilarino@diputados.gob.ar,2015-12-09,
jvilla,JOSE ANTONIO VILLA,"VILLA, JOSE ANTONIO",SAN JUAN,2011-12-10,2015-12-09,FRENTE PARA LA VICTORIA - PJ,133,http://www.hcdn.gob.ar/diputados/jvilla/,http://www4.hcdn.gob.ar/fotos/jvilla.jpg,4127-7100,jvilla@diputados.gob.ar,2015-12-09,
gvillata,GRACIELA SUSANA VILLATA,"VILLATA, GRACIELA SUSANA",CORDOBA,2011-12-10,2015-12-09,FRENTE CIVICO - CORDOBA,133,http://www.hcdn.gob.ar/diputados/gvillata/,http://www4.hcdn.gob.ar/fotos/gvillata.jpg,4127-7100,gvillata@diputados.gob.ar,2015-12-09,
jzabalza,JUAN CARLOS ZABALZA,"ZABALZA, JUAN CARLOS",SANTA FE,2011-12-10,2015-12-09,PARTIDO SOCIALISTA,133,http://www.hcdn.gob.ar/diputados/jzabalza/,http://www4.hcdn.gob.ar/fotos/jzabalza.jpg,4127-7100,jzabalza@diputados.gob.ar,2015-12-09,
mzamarreno,MARIA EUGENIA ZAMARREÑO,"ZAMARREÑO, MARIA EUGENIA",BUENOS AIRES,2011-12-10,2015-12-09,FRENTE PARA LA VICTORIA - PJ,133,http://www.hcdn.gob.ar/diputados/mzamarreno/,http://www4.hcdn.gob.ar/fotos/mzamarreno.jpg,4127-7100,mzamarreno@diputados.gob.ar,2015-12-09,
cziebart,CRISTINA ISABEL ZIEBART,"ZIEBART, CRISTINA ISABEL",CHUBUT,2011-12-10,2015-12-09,FRENTE PARA LA VICTORIA - PJ,133,http://www.hcdn.gob.ar/diputados/cziebart/,http://www4.hcdn.gob.ar/fotos/cziebart.jpg,4127-7100,cziebart@diputados.gob.ar,2015-12-09,
mdalessandro,MARCELO SILVIO D'ALESSANDRO,"D'ALESSANDRO, MARCELO SILVIO",BUENOS AIRES,2013-12-10,2017-12-09,FEDERAL UNIDOS POR UNA NUEVA ARGENTINA,133,http://www.hcdn.gob.ar/diputados/mdalessandro/,http://www4.hcdn.gob.ar/fotos/mdalessandro.jpg,4127-7100,mdalessandro@diputados.gob.ar,,
gbellocq,GERARDO ALBERTO BELLOCQ,"BELLOCQ, GERARDO ALBERTO",CORDOBA,2013-12-10,2017-12-09,UCR,133,http://www.hcdn.gob.ar/diputados/gbellocq/,http://www4.hcdn.gob.ar/fotos/gbellocq.jpg,4127-7100,gbellocq@diputados.gob.ar,,
ecastrom,ENRIQUE ROBERTO CASTRO MOLINA,"CASTRO MOLINA, ENRIQUE ROBERTO",SAN JUAN,2015-12-10,2019-12-09,COMPROMISO CON SAN JUAN,133,http://www.hcdn.gob.ar/diputados/ecastrom/,http://www4.hcdn.gob.ar/fotos/ecastrom.jpg,4127-7100,ecastrom@diputados.gob.ar,,2015-12-10
vsosacapurro,SOLEDAD SOSA,"SOSA, SOLEDAD",MENDOZA,2013-12-10,2017-12-09,FRENTE DE IZQUIERDA Y DE LOS TRABAJADORES,133,http://www.hcdn.gob.ar/diputados/vsosacapurro/,http://www4.hcdn.gob.ar/fotos/vsosacapurro.jpg,4127-7100,vsosacapurro@diputados.gob.ar,,
nabdaladem,Norma Amanda Abdala De Matarazzo,"Abdala De Matarazzo, Norma Amanda",Santiago Del Estero,2013-12-10,2017-12-09,FRENTE CIVICO POR SANTIAGO,133,http://www.hcdn.gob.ar/diputados/nabdaladem/,"","","",,
aabraham,Alejandro Abraham,"Abraham, Alejandro",Mendoza,2013-12-10,2017-12-09,FRENTE PARA LA VICTORIA - PJ,133,http://www.hcdn.gob.ar/diputados/aabraham/,"","","",,
sacerenza,Samanta Maria Celeste Acerenza,"Acerenza, Samanta Maria Celeste",Buenos Aires,2015-12-10,2019-12-09,UNION PRO,133,http://www.hcdn.gob.ar/diputados/sacerenza/,"","","",,2015-12-10
galbornoz,Gabriela Romina Albornoz,"Albornoz, Gabriela Romina",Jujuy,2013-12-10,2017-12-09,UCR,133,http://www.hcdn.gob.ar/diputados/galbornoz/,"","","",,
galegre,Gilberto Oscar Alegre,"Alegre, Gilberto Oscar",Buenos Aires,2013-12-10,2017-12-09,FEDERAL UNIDOS POR UNA NUEVA ARGENTINA,133,http://www.hcdn.gob.ar/diputados/galegre/,"","","",,
ralfonsin,Ricardo Luis Alfonsin,"Alfonsin, Ricardo Luis",Buenos Aires,2013-12-10,2017-12-09,UCR,133,http://www.hcdn.gob.ar/diputados/ralfonsin/,"","","",,
halonso,Horacio Fernando Alonso,"Alonso, Horacio Fernando",Buenos Aires,2013-12-10,2017-12-09,FEDERAL UNIDOS POR UNA NUEVA ARGENTINA,133,http://www.hcdn.gob.ar/diputados/halonso/,"","","",,
malvarezr,Maria Cristina Alvarez Rodriguez,"Alvarez Rodriguez, Maria Cristina",Buenos Aires,2015-12-10,2019-12-09,FRENTE PARA LA VICTORIA - PJ,133,http://www.hcdn.gob.ar/diputados/malvarezr/,"","","",,2015-12-10
eamadeo,Eduardo Pablo Amadeo,"Amadeo, Eduardo Pablo",Buenos Aires,2015-12-10,2019-12-09,UNION PRO,133,http://www.hcdn.gob.ar/diputados/eamadeo/,"","","",,2015-12-10
barenas,Berta Hortensia Arenas,"Arenas, Berta Hortensia",San Luis,2013-12-10,2017-12-09,COMPROMISO FEDERAL,133,http://www.hcdn.gob.ar/diputados/barenas/,"","","",,
aargumedo,Alcira Susana Argumedo,"Argumedo, Alcira Susana",Ciudad De Buenos Aires,2013-12-10,2017-12-09,PROYECTO SUR - UNEN,133,http://www.hcdn.gob.ar/diputados/aargumedo/,"","","",,
garrieta,Gustavo Hector Arrieta,"Arrieta, Gustavo Hector",Buenos Aires,2013-12-10,2017-12-09,FRENTE PARA LA VICTORIA - PJ,133,http://www.hcdn.gob.ar/diputados/garrieta/,"","","",,
baustin,Brenda Lis Austin,"Austin, Brenda Lis",Cordoba,2013-12-10,2017-12-09,UCR,133,http://www.hcdn.gob.ar/diputados/baustin/,"","","",,
ebalbo,Elva Susana Balbo,"Balbo, Elva Susana",Mendoza,2015-12-10,2019-12-09,UNION PRO,133,http://www.hcdn.gob.ar/diputados/ebalbo/,"","","",,2015-12-10
hbaldassi,Hector Baldassi,"Baldassi, Hector",Cordoba,2013-12-10,2017-12-09,UNION PRO,133,http://www.hcdn.gob.ar/diputados/hbaldassi/,"","","",,
kbanfi,Karina Banfi,"Banfi, Karina",Buenos Aires,2015-12-10,2019-12-09,UCR,133,http://www.hcdn.gob.ar/diputados/kbanfi/,"","","",,2015-12-10
lbardeggia,Luis Maria Bardeggia,"Bardeggia, Luis Maria",Rio Negro,2013-12-10,2017-12-09,FRENTE PARA LA VICTORIA - PJ,133,http://www.hcdn.gob.ar/diputados/lbardeggia/,"","","",,
mbarletta,Mario Domingo Barletta,"Barletta, Mario Domingo",Santa Fe,2013-12-10,2017-12-09,UCR,133,http://www.hcdn.gob.ar/diputados/mbarletta/,"","","",,
jbarreto,Jorge Ruben Barreto,"Barreto, Jorge Ruben",Entre Rios,2013-12-10,2017-12-09,FRENTE PARA LA VICTORIA - PJ,133,http://www.hcdn.gob.ar/diputados/jbarreto/,"","","",,
lbasterra,Luis Eugenio Basterra,"Basterra, Luis Eugenio",Formosa,2015-12-10,2019-12-09,FRENTE PARA LA VICTORIA - PJ,133,http://www.hcdn.gob.ar/diputados/lbasterra/,"","","",,2015-12-10
mbazze,Miguel Angel Bazze,"Bazze, Miguel Angel",Buenos Aires,2015-12-10,2019-12-09,UCR,133,http://www.hcdn.gob.ar/diputados/mbazze/,"","","",,2015-12-10
sbermejo,Sixto Osvaldo Bermejo,"Bermejo, Sixto Osvaldo",Chubut,2013-12-10,2017-12-09,TRABAJO Y DIGNIDAD,133,http://www.hcdn.gob.ar/diputados/sbermejo/,"","","",,
rbernabey,Ramon Ernesto Bernabey,"Bernabey, Ramon Ernesto",Cordoba,2013-12-10,2017-12-09,BRIGADIER GENERAL JUAN BAUTISTA BUSTOS,133,http://www.hcdn.gob.ar/diputados/rbernabey/,"","","",,
abesada,Alicia Irma Besada,"Besada, Alicia Irma",Ciudad De Buenos Aires,2013-12-10,2017-12-09,UNION PRO,133,http://www.hcdn.gob.ar/diputados/abesada/,"","","",,
gbevilacqua,Gustavo Bevilacqua,"Bevilacqua, Gustavo",Buenos Aires,2015-12-10,2019-12-09,FEDERAL UNIDOS POR UNA NUEVA ARGENTINA,133,http://www.hcdn.gob.ar/diputados/gbevilacqua/,"","","",,2015-12-10
ibianchi,Ivana Maria Bianchi,"Bianchi, Ivana Maria",San Luis,2015-12-10,2019-12-09,COMPROMISO FEDERAL,133,http://www.hcdn.gob.ar/diputados/ibianchi/,"","","",,2015-12-10
hbinner,Hermes Juan Binner,"Binner, Hermes Juan",Santa Fe,2013-12-10,2017-12-09,PARTIDO SOCIALISTA,133,http://www.hcdn.gob.ar/diputados/hbinner/,"","","",,
lborsani,Luis Gustavo Borsani,"Borsani, Luis Gustavo",Mendoza,2015-12-10,2019-12-09,UCR,133,http://www.hcdn.gob.ar/diputados/lborsani/,"","","",,2015-12-10
dbossio,Diego Luis Bossio,"Bossio, Diego Luis",Buenos Aires,2015-12-10,2019-12-09,JUSTICIALISTA,133,http://www.hcdn.gob.ar/diputados/dbossio/,"","","",,2015-12-10
mbregman,Myriam Bregman,"Bregman, Myriam",Buenos Aires,2013-12-10,2017-12-09,PTS - FRENTE DE IZQUIERDA,133,http://www.hcdn.gob.ar/diputados/mbregman/,"","","",,
mbrezzo,Maria Eugenia Brezzo,"Brezzo, Maria Eugenia",Cordoba,2013-12-10,2017-12-09,UNIDOS POR UNA NUEVA ARGENTINA,133,http://www.hcdn.gob.ar/diputados/mbrezzo/,"","","",,
mbritez,Maria Cristina Britez,"Britez, Maria Cristina",Misiones,2015-12-10,2019-12-09,FRENTE PARA LA VICTORIA - PJ,133,http://www.hcdn.gob.ar/diputados/mbritez/,"","","",,2015-12-10
ebrizueladelmoral,Eduardo Segundo Brizuela Del Moral,"Brizuela Del Moral, Eduardo Segundo",Catamarca,2013-12-10,2017-12-09,FRENTE CIVICO Y SOCIAL DE CATAMARCA,133,http://www.hcdn.gob.ar/diputados/ebrizueladelmoral/,"","","",,
jbrugge,Juan Fernando Brügge,"Brügge, Juan Fernando",Cordoba,2015-12-10,2019-12-09,UNIDOS POR UNA NUEVA ARGENTINA,133,http://www.hcdn.gob.ar/diputados/jbrugge/,"","","",,2015-12-10
sbuil,Sergio Omar Buil,"Buil, Sergio Omar",Buenos Aires,2015-12-10,2019-12-09,UNION PRO,133,http://www.hcdn.gob.ar/diputados/sbuil/,"","","",,2015-12-10
mburgos,Maria Gabriela Burgos,"Burgos, Maria Gabriela",Jujuy,2013-12-10,2017-12-09,UCR,133,http://www.hcdn.gob.ar/diputados/mburgos/,"","","",,
jcabandie,Juan Cabandie,"Cabandie, Juan",Ciudad De Buenos Aires,2013-12-10,2017-12-09,FRENTE PARA LA VICTORIA - PJ,133,http://www.hcdn.gob.ar/diputados/jcabandie/,"","","",,
ecaceres,Eduardo Augusto Caceres,"Caceres, Eduardo Augusto",San Juan,2013-12-10,2017-12-09,UNION PRO,133,http://www.hcdn.gob.ar/diputados/ecaceres/,"","","",,
acalleri,Agustin Santiago Calleri,"Calleri, Agustin Santiago",Cordoba,2013-12-10,2017-12-09,UNIDOS POR UNA NUEVA ARGENTINA,133,http://www.hcdn.gob.ar/diputados/acalleri/,"","","",,
gcamano,Graciela Camaño,"Camaño, Graciela",Buenos Aires,2015-12-10,2019-12-09,FEDERAL UNIDOS POR UNA NUEVA ARGENTINA,133,http://www.hcdn.gob.ar/diputados/gcamano/,"","","",,2015-12-10
rcarlotto,Remo Gerardo Carlotto,"Carlotto, Remo Gerardo",Buenos Aires,2013-12-10,2017-12-09,PERONISMO PARA LA VICTORIA,133,http://www.hcdn.gob.ar/diputados/rcarlotto/,"","","",,
gcarmona,Guillermo Ramon Carmona,"Carmona, Guillermo Ramon",Mendoza,2015-12-10,2019-12-09,FRENTE PARA LA VICTORIA - PJ,133,http://www.hcdn.gob.ar/diputados/gcarmona/,"","","",,2015-12-10
acarol,Analuz Ailen Carol,"Carol, Analuz Ailen",Tierra Del Fuego,2015-12-10,2019-12-09,FRENTE PARA LA VICTORIA - PJ,133,http://www.hcdn.gob.ar/diputados/acarol/,"","","",,2015-12-10
ecarrio,Elisa Maria Avelina Carrio,"Carrio, Elisa Maria Avelina",Ciudad De Buenos Aires,2013-12-10,2017-12-09,COALICION CIVICA,133,http://www.hcdn.gob.ar/diputados/ecarrio/,"","","",,
ccarrizo,Ana Carla Carrizo,"Carrizo, Ana Carla",Ciudad De Buenos Aires,2013-12-10,2017-12-09,UCR,133,http://www.hcdn.gob.ar/diputados/ccarrizo/,"","","",,
mscarrizo,Maria Soledad Carrizo,"Carrizo, Maria Soledad",Cordoba,2013-12-10,2017-12-09,UCR,133,http://www.hcdn.gob.ar/diputados/mscarrizo/,"","","",,
ncarrizo,Nilda Mabel Carrizo,"Carrizo, Nilda Mabel",Tucuman,2013-12-10,2017-12-09,FRENTE PARA LA VICTORIA - PJ,133,http://www.hcdn.gob.ar/diputados/ncarrizo/,"","","",,
jcasanas,Juan Francisco Casañas,"Casañas, Juan Francisco",Tucuman,2013-12-10,2017-12-09,DEL BICENTENARIO,133,http://www.hcdn.gob.ar/diputados/jcasanas/,"","","",,
gcaselles,Graciela Maria Caselles,"Caselles, Graciela Maria",San Juan,2015-12-10,2019-12-09,PARTIDO BLOQUISTA DE SAN JUAN,133,http://www.hcdn.gob.ar/diputados/gcaselles/,"","","",,2015-12-10
ccastagneto,Carlos Daniel Castagneto,"Castagneto, Carlos Daniel",Buenos Aires,2015-12-10,2019-12-09,FRENTE PARA LA VICTORIA - PJ,133,http://www.hcdn.gob.ar/diputados/ccastagneto/,"","","",,2015-12-10
scastro,Sandra Daniela Castro,"Castro, Sandra Daniela",San Juan,2013-12-10,2017-12-09,FRENTE PARA LA VICTORIA - PJ,133,http://www.hcdn.gob.ar/diputados/scastro/,"","","",,
fcaviglia,Franco Agustin Caviglia,"Caviglia, Franco Agustin",Buenos Aires,2013-12-10,2017-12-09,JUNTOS POR ARGENTINA,133,http://www.hcdn.gob.ar/diputados/fcaviglia/,"","","",,
aciampini,Jose Alberto Ciampini,"Ciampini, Jose Alberto",Neuquen,2015-12-10,2019-12-09,FRENTE PARA LA VICTORIA - PJ,133,http://www.hcdn.gob.ar/diputados/aciampini/,"","","",,2015-12-10
aciciliani,Alicia Mabel Ciciliani,"Ciciliani, Alicia Mabel",Santa Fe,2013-12-10,2017-12-09,PARTIDO SOCIALISTA,133,http://www.hcdn.gob.ar/diputados/aciciliani/,"","","",,
lcigogna,Luis Francisco Jorge Cigogna,"Cigogna, Luis Francisco Jorge",Buenos Aires,2013-12-10,2017-12-09,FRENTE PARA LA VICTORIA - PJ,133,http://www.hcdn.gob.ar/diputados/lcigogna/,"","","",,
mcleri,Marcos Cleri,"Cleri, Marcos",Santa Fe,2015-12-10,2019-12-09,FRENTE PARA LA VICTORIA - PJ,133,http://www.hcdn.gob.ar/diputados/mcleri/,"","","",,2015-12-10
mcloss,Maurice Fabian Closs,"Closs, Maurice Fabian",Misiones,2015-12-10,2019-12-09,FRENTE DE LA CONCORDIA MISIONERO,133,http://www.hcdn.gob.ar/diputados/mcloss/,"","","",,2015-12-10
econesa,Eduardo Raul Conesa,"Conesa, Eduardo Raul",Ciudad De Buenos Aires,2013-12-10,2017-12-09,UNION PRO,133,http://www.hcdn.gob.ar/diputados/econesa/,"","","",,
dconti,Diana Beatriz Conti,"Conti, Diana Beatriz",Buenos Aires,2013-12-10,2017-12-09,FRENTE PARA LA VICTORIA - PJ,133,http://www.hcdn.gob.ar/diputados/dconti/,"","","",,
acopes,Ana Isabel Copes,"Copes, Ana Isabel",Santa Fe,2013-12-10,2017-12-09,DEMOCRATA PROGRESISTA,133,http://www.hcdn.gob.ar/diputados/acopes/,"","","",,
ecosta,Eduardo Raul Costa,"Costa, Eduardo Raul",Santa Cruz,2013-12-10,2017-12-09,UCR,133,http://www.hcdn.gob.ar/diputados/ecosta/,"","","",,
gcousinet,Graciela Cousinet,"Cousinet, Graciela",Mendoza,2013-12-10,2017-12-09,LIBRES DEL SUR,133,http://www.hcdn.gob.ar/diputados/gcousinet/,"","","",,
mcremer,Maria Cristina Cremer De Busti,"Cremer De Busti, Maria Cristina",Entre Rios,2013-12-10,2017-12-09,UNION POR ENTRE RIOS,133,http://www.hcdn.gob.ar/diputados/mcremer/,"","","",,
jdagostino,Jorge Marcelo D'agostino,"D'agostino, Jorge Marcelo",Entre Rios,2013-12-10,2017-12-09,UCR,133,http://www.hcdn.gob.ar/diputados/jdagostino/,"","","",,
hdaer,Hector Ricardo Daer,"Daer, Hector Ricardo",Buenos Aires,2013-12-10,2017-12-09,FEDERAL UNIDOS POR UNA NUEVA ARGENTINA,133,http://www.hcdn.gob.ar/diputados/hdaer/,"","","",,
jdavid,Nestor Javier David,"David, Nestor Javier",Salta,2015-12-10,2019-12-09,JUSTICIALISTA,133,http://www.hcdn.gob.ar/diputados/jdavid/,"","","",,2015-12-10
jdemendiguren,Jose Ignacio De Mendiguren,"De Mendiguren, Jose Ignacio",Buenos Aires,2013-12-10,2017-12-09,FEDERAL UNIDOS POR UNA NUEVA ARGENTINA,133,http://www.hcdn.gob.ar/diputados/jdemendiguren/,"","","",,
edepedro,Eduardo Enrique De Pedro,"De Pedro, Eduardo Enrique",Buenos Aires,2015-12-10,2019-12-09,FRENTE PARA LA VICTORIA - PJ,133,http://www.hcdn.gob.ar/diputados/edepedro/,"","","",,2015-12-10
ldeponti,Lucila Maria De Ponti,"De Ponti, Lucila Maria",Santa Fe,2015-12-10,2019-12-09,PERONISMO PARA LA VICTORIA,133,http://www.hcdn.gob.ar/diputados/ldeponti/,"","","",,2015-12-10
jdevido,Julio De Vido,"De Vido, Julio",Buenos Aires,2015-12-10,2019-12-09,FRENTE PARA LA VICTORIA - PJ,133,http://www.hcdn.gob.ar/diputados/jdevido/,"","","",,2015-12-10
edepetri,Edgardo Fernando Depetri,"Depetri, Edgardo Fernando",Buenos Aires,2013-12-10,2017-12-09,FRENTE PARA LA VICTORIA - PJ,133,http://www.hcdn.gob.ar/diputados/edepetri/,"","","",,
ddistefano,Daniel Di Stefano,"Di Stefano, Daniel",Misiones,2015-12-10,2019-12-09,FRENTE PARA LA VICTORIA - PJ,133,http://www.hcdn.gob.ar/diputados/ddistefano/,"","","",,2015-12-10
jditullio,Juliana Di Tullio,"Di Tullio, Juliana",Buenos Aires,2013-12-10,2017-12-09,FRENTE PARA LA VICTORIA - PJ,133,http://www.hcdn.gob.ar/diputados/jditullio/,"","","",,
jdiazr,Juan Carlos Diaz Roig,"Diaz Roig, Juan Carlos",Formosa,2013-12-10,2017-12-09,FRENTE PARA LA VICTORIA - PJ,133,http://www.hcdn.gob.ar/diputados/jdiazr/,"","","",,
jdindart,Julian Dindart,"Dindart, Julian",Corrientes,2015-12-10,2019-12-09,UCR,133,http://www.hcdn.gob.ar/diputados/jdindart/,"","","",,2015-12-10
cdonate,Claudio Martin Doñate,"Doñate, Claudio Martin",Rio Negro,2015-12-10,2019-12-09,FRENTE PARA LA VICTORIA - PJ,133,http://www.hcdn.gob.ar/diputados/cdonate/,"","","",,2015-12-10
vdondap,Victoria Analia Donda Perez,"Donda Perez, Victoria Analia",Ciudad De Buenos Aires,2015-12-10,2019-12-09,LIBRES DEL SUR,133,http://www.hcdn.gob.ar/diputados/vdondap/,"","","",,2015-12-10
gdurandc,Guillermo Mario Durand Cornejo,"Durand Cornejo, Guillermo Mario",Salta,2013-12-10,2017-12-09,UNION PRO,133,http://www.hcdn.gob.ar/diputados/gdurandc/,"","","",,
ldure,Lucila Beatriz Dure,"Dure, Lucila Beatriz",Formosa,2013-12-10,2017-12-09,PARTIDO SOCIALISTA,133,http://www.hcdn.gob.ar/diputados/ldure/,"","","",,
aechegaray,Alejandro Carlos Augusto Echegaray,"Echegaray, Alejandro Carlos Augusto",Buenos Aires,2015-12-10,2019-12-09,UCR,133,http://www.hcdn.gob.ar/diputados/aechegaray/,"","","",,2015-12-10
mehcosor,Maria Azucena Ehcosor,"Ehcosor, Maria Azucena",Buenos Aires,2013-12-10,2017-12-09,FEDERAL UNIDOS POR UNA NUEVA ARGENTINA,133,http://www.hcdn.gob.ar/diputados/mehcosor/,"","","",,
gestevez,Gabriela Beatriz Estevez,"Estevez, Gabriela Beatriz",Cordoba,2015-12-10,2019-12-09,FRENTE PARA LA VICTORIA - PJ,133,http://www.hcdn.gob.ar/diputados/gestevez/,"","","",,2015-12-10
efabiani,Eduardo Alberto Fabiani,"Fabiani, Eduardo Alberto",Buenos Aires,2013-12-10,2017-12-09,JUNTOS POR ARGENTINA,133,http://www.hcdn.gob.ar/diputados/efabiani/,"","","",,
gfernandezm,Gustavo Rodolfo Fernandez Mendia,"Fernandez Mendia, Gustavo Rodolfo",La Pampa,2013-12-10,2017-12-09,JUSTICIALISTA,133,http://www.hcdn.gob.ar/diputados/gfernandezm/,"","","",,
aferreyra,Araceli Ferreyra,"Ferreyra, Araceli",Corrientes,2015-12-10,2019-12-09,PERONISMO PARA LA VICTORIA,133,http://www.hcdn.gob.ar/diputados/aferreyra/,"","","",,2015-12-10
sfrana,Silvina Patricia Frana,"Frana, Silvina Patricia",Santa Fe,2015-12-10,2019-12-09,FRENTE PARA LA VICTORIA - PJ,133,http://www.hcdn.gob.ar/diputados/sfrana/,"","","",,2015-12-10
jfranco,Jorge Daniel Franco,"Franco, Jorge Daniel",Misiones,2015-12-10,2019-12-09,FRENTE DE LA CONCORDIA MISIONERO,133,http://www.hcdn.gob.ar/diputados/jfranco/,"","","",,2015-12-10
ffurlan,Francisco Abel Furlan,"Furlan, Francisco Abel",Buenos Aires,2015-12-10,2019-12-09,FRENTE PARA LA VICTORIA - PJ,133,http://www.hcdn.gob.ar/diputados/ffurlan/,"","","",,2015-12-10
agaillard,Ana Carolina Gaillard,"Gaillard, Ana Carolina",Entre Rios,2013-12-10,2017-12-09,FRENTE PARA LA VICTORIA - PJ,133,http://www.hcdn.gob.ar/diputados/agaillard/,"","","",,
mgallardo,Miriam Graciela Gallardo,"Gallardo, Miriam Graciela",Tucuman,2013-12-10,2017-12-09,FRENTE PARA LA VICTORIA - PJ,133,http://www.hcdn.gob.ar/diputados/mgallardo/,"","","",,
mgarcia,Maria Teresa Garcia,"Garcia, Maria Teresa",Buenos Aires,2013-12-10,2017-12-09,FRENTE PARA LA VICTORIA - PJ,133,http://www.hcdn.gob.ar/diputados/mgarcia/,"","","",,
ngarre,Nilda Celia Garre,"Garre, Nilda Celia",Ciudad De Buenos Aires,2015-12-10,2019-12-09,FRENTE PARA LA VICTORIA - PJ,133,http://www.hcdn.gob.ar/diputados/ngarre/,"","","",,2015-12-10
fgarreton,Facundo Garreton,"Garreton, Facundo",Tucuman,2015-12-10,2019-12-09,UNION PRO,133,http://www.hcdn.gob.ar/diputados/fgarreton/,"","","",,2015-12-10
ygayol,Yanina Celeste Gayol,"Gayol, Yanina Celeste",Entre Rios,2015-12-10,2019-12-09,UNION PRO,133,http://www.hcdn.gob.ar/diputados/ygayol/,"","","",,2015-12-10
lgervasoni,Lautaro Gervasoni,"Gervasoni, Lautaro",Entre Rios,2013-12-10,2017-12-09,FRENTE PARA LA VICTORIA - PJ,133,http://www.hcdn.gob.ar/diputados/lgervasoni/,"","","",,
pgimenez,Patricia Viviana Gimenez,"Gimenez, Patricia Viviana",Mendoza,2013-12-10,2017-12-09,UCR,133,http://www.hcdn.gob.ar/diputados/pgimenez/,"","","",,
jgioja,Jose Luis Gioja,"Gioja, Jose Luis",San Juan,2015-12-10,2019-12-09,FRENTE PARA LA VICTORIA - PJ,133,http://www.hcdn.gob.ar/diputados/jgioja/,"","","",,2015-12-10
dgiustozzi,Ruben Dario Giustozzi,"Giustozzi, Ruben Dario",Buenos Aires,2013-12-10,2017-12-09,JUNTOS POR ARGENTINA,133,http://www.hcdn.gob.ar/diputados/dgiustozzi/,"","","",,
hgoicoechea,Horacio Goicoechea,"Goicoechea, Horacio",Chaco,2015-12-10,2019-12-09,UCR,133,http://www.hcdn.gob.ar/diputados/hgoicoechea/,"","","",,2015-12-10
mgomezb,Mauricio Ricardo Gomez Bull,"Gomez Bull, Mauricio Ricardo",Santa Cruz,2013-12-10,2017-12-09,FRENTE PARA LA VICTORIA - PJ,133,http://www.hcdn.gob.ar/diputados/mgomezb/,"","","",,
agonzalez,Alvaro Gustavo Gonzalez,"Gonzalez, Alvaro Gustavo",Ciudad De Buenos Aires,2015-12-10,2019-12-09,UNION PRO,133,http://www.hcdn.gob.ar/diputados/agonzalez/,"","","",,2015-12-10
ggonzalez,Gladys Esther Gonzalez,"Gonzalez, Gladys Esther",Buenos Aires,2013-12-10,2017-12-09,UNION PRO,133,http://www.hcdn.gob.ar/diputados/ggonzalez/,"","","",,
jvgonzalez,Josefina Victoria Gonzalez,"Gonzalez, Josefina Victoria",Santa Fe,2013-12-10,2017-12-09,FRENTE PARA LA VICTORIA - PJ,133,http://www.hcdn.gob.ar/diputados/jvgonzalez/,"","","",,
agrana,Adrian Eduardo Grana,"Grana, Adrian Eduardo",Buenos Aires,2015-12-10,2019-12-09,FRENTE PARA LA VICTORIA - PJ,133,http://www.hcdn.gob.ar/diputados/agrana/,"","","",,2015-12-10
dgranados,Dulce Granados,"Granados, Dulce",Buenos Aires,2013-12-10,2017-12-09,FRENTE PARA LA VICTORIA - PJ,133,http://www.hcdn.gob.ar/diputados/dgranados/,"","","",,
agrandinetti,Alejandro Ariel Grandinetti,"Grandinetti, Alejandro Ariel",Santa Fe,2015-12-10,2019-12-09,FEDERAL UNIDOS POR UNA NUEVA ARGENTINA,133,http://www.hcdn.gob.ar/diputados/agrandinetti/,"","","",,2015-12-10
lgrosso,Leonardo Grosso,"Grosso, Leonardo",Buenos Aires,2015-12-10,2019-12-09,PERONISMO PARA LA VICTORIA,133,http://www.hcdn.gob.ar/diputados/lgrosso/,"","","",,2015-12-10
mguerin,Maria Isabel Guerin,"Guerin, Maria Isabel",Buenos Aires,2015-12-10,2019-12-09,FRENTE PARA LA VICTORIA - PJ,133,http://www.hcdn.gob.ar/diputados/mguerin/,"","","",,2015-12-10
hgutierrez,Hector Maria Gutierrez,"Gutierrez, Hector Maria",Buenos Aires,2013-12-10,2017-12-09,UCR,133,http://www.hcdn.gob.ar/diputados/hgutierrez/,"","","",,
aguzman,Andres Ernesto Guzman,"Guzman, Andres Ernesto",Cordoba,2013-12-10,2017-12-09,PERONISMO PARA LA VICTORIA,133,http://www.hcdn.gob.ar/diputados/aguzman/,"","","",,
sguzman,Sandro Adrian Guzman,"Guzman, Sandro Adrian",Buenos Aires,2013-12-10,2017-12-09,JUNTOS POR ARGENTINA,133,http://www.hcdn.gob.ar/diputados/sguzman/,"","","",,
cheller,Carlos Salomon Heller,"Heller, Carlos Salomon",Ciudad De Buenos Aires,2013-12-10,2017-12-09,SOLIDARIO SI,133,http://www.hcdn.gob.ar/diputados/cheller/,"","","",,
mhernandez,Martin Osvaldo Hernandez,"Hernandez, Martin Osvaldo",Formosa,2015-12-10,2019-12-09,UCR,133,http://www.hcdn.gob.ar/diputados/mhernandez/,"","","",,2015-12-10
lherrera,Luis Beder Herrera,"Herrera, Luis Beder",La Rioja,2015-12-10,2019-12-09,JUSTICIALISTA,133,http://www.hcdn.gob.ar/diputados/lherrera/,"","","",,2015-12-10
jherrera,Jose Alberto Herrera,"Herrera, Jose Alberto",Santiago Del Estero,2015-12-10,2019-12-09,FRENTE CIVICO POR SANTIAGO,133,http://www.hcdn.gob.ar/diputados/jherrera/,"","","",,2015-12-10
ahers,Anabella Ruth Hers Cabral,"Hers Cabral, Anabella Ruth",Ciudad De Buenos Aires,2015-12-10,2019-12-09,UNION PRO,133,http://www.hcdn.gob.ar/diputados/ahers/,"","","",,2015-12-10
shorne,Silvia Renee Horne,"Horne, Silvia Renee",Rio Negro,2015-12-10,2019-12-09,PERONISMO PARA LA VICTORIA,133,http://www.hcdn.gob.ar/diputados/shorne/,"","","",,2015-12-10
shuczak,Stella Maris Huczak,"Huczak, Stella Maris",Mendoza,2015-12-10,2019-12-09,UNION PRO,133,http://www.hcdn.gob.ar/diputados/shuczak/,"","","",,2015-12-10
jhuss,Juan Manuel Huss,"Huss, Juan Manuel",Entre Rios,2015-12-10,2019-12-09,FRENTE PARA LA VICTORIA - PJ,133,http://www.hcdn.gob.ar/diputados/jhuss/,"","","",,2015-12-10
sigon,Santiago Nicolas Igon,"Igon, Santiago Nicolas",Chubut,2015-12-10,2019-12-09,FRENTE PARA LA VICTORIA - PJ,133,http://www.hcdn.gob.ar/diputados/sigon/,"","","",,2015-12-10
lincicco,Lucas Ciriaco Incicco,"Incicco, Lucas Ciriaco",Santa Fe,2015-12-10,2019-12-09,UNION PRO,133,http://www.hcdn.gob.ar/diputados/lincicco/,"","","",,2015-12-10
eisa,Evita Nelida Isa,"Isa, Evita Nelida",Salta,2013-12-10,2017-12-09,JUSTICIALISTA,133,http://www.hcdn.gob.ar/diputados/eisa/,"","","",,
mjuarez,Myrian Del Valle Juarez,"Juarez, Myrian Del Valle",Catamarca,2013-12-10,2017-12-09,FRENTE CIVICO Y SOCIAL DE CATAMARCA,133,http://www.hcdn.gob.ar/diputados/mjuarez/,"","","",,
mhjuarez,Manuel Humberto Juarez,"Juarez, Manuel Humberto",Santiago Del Estero,2013-12-10,2017-12-09,FRENTE CIVICO POR SANTIAGO,133,http://www.hcdn.gob.ar/diputados/mhjuarez/,"","","",,
akicillof,Axel Kicillof,"Kicillof, Axel",Ciudad De Buenos Aires,2015-12-10,2019-12-09,FRENTE PARA LA VICTORIA - PJ,133,http://www.hcdn.gob.ar/diputados/akicillof/,"","","",,2015-12-10
mkirchner,Maximo Carlos Kirchner,"Kirchner, Maximo Carlos",Santa Cruz,2015-12-10,2019-12-09,FRENTE PARA LA VICTORIA - PJ,133,http://www.hcdn.gob.ar/diputados/mkirchner/,"","","",,2015-12-10
pkosiner,Pablo Francisco Juan Kosiner,"Kosiner, Pablo Francisco Juan",Salta,2015-12-10,2019-12-09,JUSTICIALISTA,133,http://www.hcdn.gob.ar/diputados/pkosiner/,"","","",,2015-12-10
dkroneberger,Daniel Ricardo Kroneberger,"Kroneberger, Daniel Ricardo",La Pampa,2015-12-10,2019-12-09,UCR,133,http://www.hcdn.gob.ar/diputados/dkroneberger/,"","","",,2015-12-10
ckunkel,Carlos Miguel Kunkel,"Kunkel, Carlos Miguel",Buenos Aires,2013-12-10,2017-12-09,FRENTE PARA LA VICTORIA - PJ,133,http://www.hcdn.gob.ar/diputados/ckunkel/,"","","",,
elagoria,Elia Nelly Lagoria,"Lagoria, Elia Nelly",Chubut,2013-12-10,2017-12-09,TRABAJO Y DIGNIDAD,133,http://www.hcdn.gob.ar/diputados/elagoria/,"","","",,
alarroque,Andres Larroque,"Larroque, Andres",Ciudad De Buenos Aires,2015-12-10,2019-12-09,FRENTE PARA LA VICTORIA - PJ,133,http://www.hcdn.gob.ar/diputados/alarroque/,"","","",,2015-12-10
llaspina,Luciano Andres Laspina,"Laspina, Luciano Andres",Santa Fe,2013-12-10,2017-12-09,UNION PRO,133,http://www.hcdn.gob.ar/diputados/llaspina/,"","","",,
mlavagna,Marco Lavagna,"Lavagna, Marco",Ciudad De Buenos Aires,2015-12-10,2019-12-09,FEDERAL UNIDOS POR UNA NUEVA ARGENTINA,133,http://www.hcdn.gob.ar/diputados/mlavagna/,"","","",,2015-12-10
dlipovetzky,Daniel Andres Lipovetzky,"Lipovetzky, Daniel Andres",Buenos Aires,2015-12-10,2019-12-09,UNION PRO,133,http://www.hcdn.gob.ar/diputados/dlipovetzky/,"","","",,2015-12-10
mlitza,Monica Edith Litza,"Litza, Monica Edith",Buenos Aires,2013-12-10,2017-12-09,FEDERAL UNIDOS POR UNA NUEVA ARGENTINA,133,http://www.hcdn.gob.ar/diputados/mlitza/,"","","",,
allanosm,Ana Llanos,"Llanos, Ana",Chubut,2015-12-10,2019-12-09,FRENTE PARA LA VICTORIA - PJ,133,http://www.hcdn.gob.ar/diputados/allanosm/,"","","",,2015-12-10
mlopardo,Maria Paula Lopardo,"Lopardo, Maria Paula",Ciudad De Buenos Aires,2013-12-10,2017-12-09,UNION PRO,133,http://www.hcdn.gob.ar/diputados/mlopardo/,"","","",,
plopez,Pablo Sebastian Lopez,"Lopez, Pablo Sebastian",Salta,2013-12-10,2017-12-09,FRENTE DE IZQUIERDA Y DE LOS TRABAJADORES,133,http://www.hcdn.gob.ar/diputados/plopez/,"","","",,
llopezk,Leandro Gaston Lopez Koenig,"Lopez Koenig, Leandro Gaston",Neuquen,2015-12-10,2019-12-09,UNION PRO,133,http://www.hcdn.gob.ar/diputados/llopezk/,"","","",,2015-12-10
slospennato,Silvia Gabriela Lospennato,"Lospennato, Silvia Gabriela",Buenos Aires,2015-12-10,2019-12-09,UNION PRO,133,http://www.hcdn.gob.ar/diputados/slospennato/,"","","",,2015-12-10
ilotto,Ines Beatriz Lotto,"Lotto, Ines Beatriz",Formosa,2015-12-10,2019-12-09,FRENTE PARA LA VICTORIA - PJ,133,http://www.hcdn.gob.ar/diputados/ilotto/,"","","",,2015-12-10
llusquinos,Luis Bernardo Lusquiños,"Lusquiños, Luis Bernardo",San Luis,2013-12-10,2017-12-09,COMPROMISO FEDERAL,133,http://www.hcdn.gob.ar/diputados/llusquinos/,"","","",,
omacias,Oscar Alberto Macias,"Macias, Oscar Alberto",Corrientes,2015-12-10,2019-12-09,JUSTICIALISTA,133,http://www.hcdn.gob.ar/diputados/omacias/,"","","",,2015-12-10
tmadera,Teresita Madera,"Madera, Teresita",La Rioja,2013-12-10,2017-12-09,JUSTICIALISTA,133,http://www.hcdn.gob.ar/diputados/tmadera/,"","","",,
mmaquieyra,Martin Maquieyra,"Maquieyra, Martin",La Pampa,2013-12-10,2017-12-09,UNION PRO,133,http://www.hcdn.gob.ar/diputados/mmaquieyra/,"","","",,
hmarcucci,Hugo Maria Marcucci,"Marcucci, Hugo Maria",Santa Fe,2015-12-10,2019-12-09,UCR,133,http://www.hcdn.gob.ar/diputados/hmarcucci/,"","","",,2015-12-10
oamartinez,Oscar Anselmo Martinez,"Martinez, Oscar Anselmo",Tierra Del Fuego,2013-12-10,2017-12-09,MOVIMIENTO SOLIDARIO POPULAR,133,http://www.hcdn.gob.ar/diputados/oamartinez/,"","","",,
dmartinez,Norman Dario Martinez,"Martinez, Norman Dario",Neuquen,2013-12-10,2017-12-09,FRENTE PARA LA VICTORIA - PJ,133,http://www.hcdn.gob.ar/diputados/dmartinez/,"","","",,
smartinez,Soledad Martinez,"Martinez, Soledad",Buenos Aires,2013-12-10,2017-12-09,UNION PRO,133,http://www.hcdn.gob.ar/diputados/smartinez/,"","","",,
amartinez,Ana Laura Martinez,"Martinez, Ana Laura",Santa Fe,2015-12-10,2019-12-09,UNION PRO,133,http://www.hcdn.gob.ar/diputados/amartinez/,"","","",,2015-12-10
samartinez,Silvia Alejandra Martinez,"Martinez, Silvia Alejandra",Jujuy,2015-12-10,2019-12-09,UCR,133,http://www.hcdn.gob.ar/diputados/samartinez/,"","","",,2015-12-10
gmartinezc,Gustavo Jose Martinez Campos,"Martinez Campos, Gustavo Jose",Chaco,2013-12-10,2017-12-09,JUSTICIALISTA,133,http://www.hcdn.gob.ar/diputados/gmartinezc/,"","","",,
lmartinez,Leonor Maria Martinez Villada,"Martinez Villada, Leonor Maria",Cordoba,2015-12-10,2019-12-09,COALICION CIVICA,133,http://www.hcdn.gob.ar/diputados/lmartinez/,"","","",,2015-12-10
mmasin,Maria Lucila Masin,"Masin, Maria Lucila",Chaco,2015-12-10,2019-12-09,FRENTE PARA LA VICTORIA - PJ,133,http://www.hcdn.gob.ar/diputados/mmasin/,"","","",,2015-12-10
smassa,Sergio Tomas Massa,"Massa, Sergio Tomas",Buenos Aires,2013-12-10,2017-12-09,FEDERAL UNIDOS POR UNA NUEVA ARGENTINA,133,http://www.hcdn.gob.ar/diputados/smassa/,"","","",,
vmassetani,Vanesa Laura Massetani,"Massetani, Vanesa Laura",Santa Fe,2015-12-10,2019-12-09,FEDERAL UNIDOS POR UNA NUEVA ARGENTINA,133,http://www.hcdn.gob.ar/diputados/vmassetani/,"","","",,2015-12-10
fmasso,Federico Augusto Masso,"Masso, Federico Augusto",Tucuman,2013-12-10,2017-12-09,LIBRES DEL SUR,133,http://www.hcdn.gob.ar/diputados/fmasso/,"","","",,
nmassot,Nicolas Maria Massot,"Massot, Nicolas Maria",Cordoba,2015-12-10,2019-12-09,UNION PRO,133,http://www.hcdn.gob.ar/diputados/nmassot/,"","","",,2015-12-10
lmazure,Liliana Amalia Mazure,"Mazure, Liliana Amalia",Ciudad De Buenos Aires,2013-12-10,2017-12-09,FRENTE PARA LA VICTORIA - PJ,133,http://www.hcdn.gob.ar/diputados/lmazure/,"","","",,
mmendoza,Mayra Soledad Mendoza,"Mendoza, Mayra Soledad",Buenos Aires,2015-12-10,2019-12-09,FRENTE PARA LA VICTORIA - PJ,133,http://www.hcdn.gob.ar/diputados/mmendoza/,"","","",,2015-12-10
smendoza,Sandra Marcela Mendoza,"Mendoza, Sandra Marcela",Chaco,2013-12-10,2017-12-09,FRENTE PARA LA VICTORIA - PJ,133,http://www.hcdn.gob.ar/diputados/smendoza/,"","","",,
vmercado,Veronica Mercado,"Mercado, Veronica",Catamarca,2015-12-10,2019-12-09,FRENTE PARA LA VICTORIA - PJ,133,http://www.hcdn.gob.ar/diputados/vmercado/,"","","",,2015-12-10
dmestre,Diego Matias Mestre,"Mestre, Diego Matias",Cordoba,2013-12-10,2017-12-09,UCR,133,http://www.hcdn.gob.ar/diputados/dmestre/,"","","",,
pmiranda,Pedro Ruben Miranda,"Miranda, Pedro Ruben",Mendoza,2015-12-10,2019-12-09,JUSTICIALISTA,133,http://www.hcdn.gob.ar/diputados/pmiranda/,"","","",,2015-12-10
kmolina,Karina Alejandra Molina,"Molina, Karina Alejandra",La Rioja,2015-12-10,2019-12-09,UNION PRO,133,http://www.hcdn.gob.ar/diputados/kmolina/,"","","",,2015-12-10
mmonfort,Marcelo Alejandro Monfort,"Monfort, Marcelo Alejandro",Entre Rios,2015-12-10,2019-12-09,UCR,133,http://www.hcdn.gob.ar/diputados/mmonfort/,"","","",,2015-12-10
emonzo,Emilio Monzo,"Monzo, Emilio",Buenos Aires,2015-12-10,2019-12-09,UNION PRO,133,http://www.hcdn.gob.ar/diputados/emonzo/,"","","",,2015-12-10
mmorales,Mariana Elizabet Morales,"Morales, Mariana Elizabet",Santiago Del Estero,2015-12-10,2019-12-09,FEDERAL UNIDOS POR UNA NUEVA ARGENTINA,133,http://www.hcdn.gob.ar/diputados/mmorales/,"","","",,2015-12-10
cmoreau,Cecilia Moreau,"Moreau, Cecilia",Buenos Aires,2015-12-10,2019-12-09,FEDERAL UNIDOS POR UNA NUEVA ARGENTINA,133,http://www.hcdn.gob.ar/diputados/cmoreau/,"","","",,2015-12-10
cmoreno,Carlos Julio Moreno,"Moreno, Carlos Julio",Buenos Aires,2013-12-10,2017-12-09,FRENTE PARA LA VICTORIA - PJ,133,http://www.hcdn.gob.ar/diputados/cmoreno/,"","","",,
fmoyano,Juan Facundo Moyano,"Moyano, Juan Facundo",Buenos Aires,2015-12-10,2019-12-09,FEDERAL UNIDOS POR UNA NUEVA ARGENTINA,133,http://www.hcdn.gob.ar/diputados/fmoyano/,"","","",,2015-12-10
mnanniv,Miguel Nanni,"Nanni, Miguel",Salta,2015-12-10,2019-12-09,UCR,133,http://www.hcdn.gob.ar/diputados/mnanniv/,"","","",,2015-12-10
gnavarro,Graciela Navarro,"Navarro, Graciela",Santiago Del Estero,2015-12-10,2019-12-09,FRENTE CIVICO POR SANTIAGO,133,http://www.hcdn.gob.ar/diputados/gnavarro/,"","","",,2015-12-10
anazario,Adriana Monica Nazario,"Nazario, Adriana Monica",Cordoba,2015-12-10,2019-12-09,UNIDOS POR UNA NUEVA ARGENTINA,133,http://www.hcdn.gob.ar/diputados/anazario/,"","","",,2015-12-10
mnegri,Mario Raul Negri,"Negri, Mario Raul",Cordoba,2015-12-10,2019-12-09,UCR,133,http://www.hcdn.gob.ar/diputados/mnegri/,"","","",,2015-12-10
jnunez,Jose Carlos Nuñez,"Nuñez, Jose Carlos",Santa Fe,2015-12-10,2019-12-09,UNION PRO,133,http://www.hcdn.gob.ar/diputados/jnunez/,"","","",,2015-12-10
coliva,Cristian Rodolfo Oliva,"Oliva, Cristian Rodolfo",Santiago Del Estero,2013-12-10,2017-12-09,FRENTE CIVICO POR SANTIAGO,133,http://www.hcdn.gob.ar/diputados/coliva/,"","","",,
holivares,Hector Enrique Olivares,"Olivares, Hector Enrique",La Rioja,2015-12-10,2019-12-09,UCR,133,http://www.hcdn.gob.ar/diputados/holivares/,"","","",,2015-12-10
aolmedo,Alfredo Horacio Olmedo,"Olmedo, Alfredo Horacio",Salta,2015-12-10,2019-12-09,SALTA SOMOS TODOS,133,http://www.hcdn.gob.ar/diputados/aolmedo/,"","","",,2015-12-10
jforellana,Jose Fernando Orellana,"Orellana, Jose Fernando",Tucuman,2015-12-10,2019-12-09,PRIMERO TUCUMAN,133,http://www.hcdn.gob.ar/diputados/jforellana/,"","","",,2015-12-10
mpasso,Marcela Fabiana Passo,"Passo, Marcela Fabiana",Buenos Aires,2015-12-10,2019-12-09,FEDERAL UNIDOS POR UNA NUEVA ARGENTINA,133,http://www.hcdn.gob.ar/diputados/mpasso/,"","","",,2015-12-10
lpastori,Luis Mario Pastori,"Pastori, Luis Mario",Misiones,2013-12-10,2017-12-09,UCR,133,http://www.hcdn.gob.ar/diputados/lpastori/,"","","",,
mpastoriza,Mirta Ameliana Pastoriza,"Pastoriza, Mirta Ameliana",Santiago Del Estero,2015-12-10,2019-12-09,FRENTE CIVICO POR SANTIAGO,133,http://www.hcdn.gob.ar/diputados/mpastoriza/,"","","",,2015-12-10
jpatino,Jose Luis Patiño,"Patiño, Jose Luis",Ciudad De Buenos Aires,2013-12-10,2017-12-09,UNION PRO,133,http://www.hcdn.gob.ar/diputados/jpatino/,"","","",,
jpedrini,Juan Manuel Pedrini,"Pedrini, Juan Manuel",Chaco,2013-12-10,2017-12-09,FRENTE PARA LA VICTORIA - PJ,133,http://www.hcdn.gob.ar/diputados/jpedrini/,"","","",,
mpenalozam,Maria Florencia Peñaloza Marianetti,"Peñaloza Marianetti, Maria Florencia",San Juan,2015-12-10,2019-12-09,COMPROMISO CON SAN JUAN,133,http://www.hcdn.gob.ar/diputados/mpenalozam/,"","","",,2015-12-10
jpereyra,Juan Manuel Pereyra,"Pereyra, Juan Manuel",Cordoba,2015-12-10,2019-12-09,CONCERTACION FORJA,133,http://www.hcdn.gob.ar/diputados/jpereyra/,"","","",,2015-12-10
rperez,Raul Joaquin Perez,"Perez, Raul Joaquin",Buenos Aires,2015-12-10,2019-12-09,FEDERAL UNIDOS POR UNA NUEVA ARGENTINA,133,http://www.hcdn.gob.ar/diputados/rperez/,"","","",,2015-12-10
mperez,Martin Alejandro Perez,"Perez, Martin Alejandro",Tierra Del Fuego,2013-12-10,2017-12-09,FRENTE PARA LA VICTORIA - PJ,133,http://www.hcdn.gob.ar/diputados/mperez/,"","","",,
lpetri,Luis Alfonso Petri,"Petri, Luis Alfonso",Mendoza,2013-12-10,2017-12-09,UCR,133,http://www.hcdn.gob.ar/diputados/lpetri/,"","","",,
cpitiot,Carla Betina Pitiot,"Pitiot, Carla Betina",Ciudad De Buenos Aires,2015-12-10,2019-12-09,FEDERAL UNIDOS POR UNA NUEVA ARGENTINA,133,http://www.hcdn.gob.ar/diputados/cpitiot/,"","","",,2015-12-10
npitrola,Nestor Antonio Pitrola,"Pitrola, Nestor Antonio",Buenos Aires,2015-12-10,2019-12-09,FRENTE DE IZQUIERDA Y DE LOS TRABAJADORES,133,http://www.hcdn.gob.ar/diputados/npitrola/,"","","",,2015-12-10
oplaini,Francisco Omar Plaini,"Plaini, Francisco Omar",Buenos Aires,2013-12-10,2017-12-09,"CULTURA, EDUCACION Y TRABAJO",133,http://www.hcdn.gob.ar/diputados/oplaini/,"","","",,
cpoggi,Claudio Javier Poggi,"Poggi, Claudio Javier",San Luis,2015-12-10,2019-12-09,AVANZAR SAN LUIS,133,http://www.hcdn.gob.ar/diputados/cpoggi/,"","","",,2015-12-10
jpretto,Pedro Javier Pretto,"Pretto, Pedro Javier",Cordoba,2015-12-10,2019-12-09,UNION PRO,133,http://www.hcdn.gob.ar/diputados/jpretto/,"","","",,2015-12-10
aquintar,Amado Quintar,"Quintar, Amado",Catamarca,2015-12-10,2019-12-09,FRENTE CIVICO Y SOCIAL DE CATAMARCA,133,http://www.hcdn.gob.ar/diputados/aquintar/,"","","",,2015-12-10
arachq,Analia Rach Quiroga,"Rach Quiroga, Analia",Chaco,2015-12-10,2019-12-09,FRENTE PARA LA VICTORIA - PJ,133,http://www.hcdn.gob.ar/diputados/arachq/,"","","",,2015-12-10
jraffo,Julio Raffo,"Raffo, Julio",Ciudad De Buenos Aires,2013-12-10,2017-12-09,DIALOGO Y TRABAJO,133,http://www.hcdn.gob.ar/diputados/jraffo/,"","","",,
aramos,Alejandro Ramos,"Ramos, Alejandro",Santa Fe,2015-12-10,2019-12-09,FRENTE PARA LA VICTORIA - PJ,133,http://www.hcdn.gob.ar/diputados/aramos/,"","","",,2015-12-10
fraverta,Maria Fernanda Raverta,"Raverta, Maria Fernanda",Buenos Aires,2015-12-10,2019-12-09,FRENTE PARA LA VICTORIA - PJ,133,http://www.hcdn.gob.ar/diputados/fraverta/,"","","",,2015-12-10
hrecalde,Hector Pedro Recalde,"Recalde, Hector Pedro",Buenos Aires,2013-12-10,2017-12-09,FRENTE PARA LA VICTORIA - PJ,133,http://www.hcdn.gob.ar/diputados/hrecalde/,"","","",,
jriccardo,Jose Luis Riccardo,"Riccardo, Jose Luis",San Luis,2013-12-10,2017-12-09,UCR,133,http://www.hcdn.gob.ar/diputados/jriccardo/,"","","",,
srisko,Silvia Lucrecia Risko,"Risko, Silvia Lucrecia",Misiones,2013-12-10,2017-12-09,FRENTE DE LA CONCORDIA MISIONERO,133,http://www.hcdn.gob.ar/diputados/srisko/,"","","",,
orista,Olga Maria Rista,"Rista, Olga Maria",Cordoba,2015-12-10,2019-12-09,UCR,133,http://www.hcdn.gob.ar/diputados/orista/,"","","",,2015-12-10
aroberti,Alberto Oscar Roberti,"Roberti, Alberto Oscar",Buenos Aires,2015-12-10,2019-12-09,JUSTICIALISTA,133,http://www.hcdn.gob.ar/diputados/aroberti/,"","","",,2015-12-10
mrodriguez,Matias David Rodriguez,"Rodriguez, Matias David",Tierra Del Fuego,2015-12-10,2019-12-09,FRENTE PARA LA VICTORIA - PJ,133,http://www.hcdn.gob.ar/diputados/mrodriguez/,"","","",,2015-12-10
rrodriguez,Rodrigo Martin Rodriguez,"Rodriguez, Rodrigo Martin",Buenos Aires,2015-12-10,2019-12-09,FRENTE PARA LA VICTORIA - PJ,133,http://www.hcdn.gob.ar/diputados/rrodriguez/,"","","",,2015-12-10
croma,Carlos Gaston Roma,"Roma, Carlos Gaston",Tierra Del Fuego,2015-12-10,2019-12-09,UNION PRO,133,http://www.hcdn.gob.ar/diputados/croma/,"","","",,2015-12-10
oromero,Oscar Alberto Romero,"Romero, Oscar Alberto",Buenos Aires,2013-12-10,2017-12-09,JUSTICIALISTA,133,http://www.hcdn.gob.ar/diputados/oromero/,"","","",,
hroquel,Hector Alberto Roquel,"Roquel, Hector Alberto",Santa Cruz,2015-12-10,2019-12-09,UCR,133,http://www.hcdn.gob.ar/diputados/hroquel/,"","","",,2015-12-10
brossi,Blanca Araceli Rossi,"Rossi, Blanca Araceli",Cordoba,2013-12-10,2017-12-09,UNIDOS POR UNA NUEVA ARGENTINA,133,http://www.hcdn.gob.ar/diputados/brossi/,"","","",,
crubin,Carlos Gustavo Rubin,"Rubin, Carlos Gustavo",Corrientes,2013-12-10,2017-12-09,JUSTICIALISTA,133,http://www.hcdn.gob.ar/diputados/crubin/,"","","",,
crucci,Claudia Monica Rucci,"Rucci, Claudia Monica",Buenos Aires,2013-12-10,2017-12-09,UNIDOS POR UNA NUEVA ARGENTINA,133,http://www.hcdn.gob.ar/diputados/crucci/,"","","",,
jruiza,Jose Arnaldo Ruiz Aragon,"Ruiz Aragon, Jose Arnaldo",Corrientes,2015-12-10,2019-12-09,FRENTE PARA LA VICTORIA - PJ,133,http://www.hcdn.gob.ar/diputados/jruiza/,"","","",,2015-12-10
asanmartin,Adrian San Martin,"San Martin, Adrian",Neuquen,2013-12-10,2017-12-09,MOV POP NEUQUINO,133,http://www.hcdn.gob.ar/diputados/asanmartin/,"","","",,
fsanchez,Fernando Sanchez,"Sanchez, Fernando",Ciudad De Buenos Aires,2013-12-10,2017-12-09,COALICION CIVICA,133,http://www.hcdn.gob.ar/diputados/fsanchez/,"","","",,
wsantillan,Walter Marcelo Santillan,"Santillan, Walter Marcelo",Tucuman,2015-12-10,2019-12-09,FRENTE PARA LA VICTORIA - PJ,133,http://www.hcdn.gob.ar/diputados/wsantillan/,"","","",,2015-12-10
gscaglia,Gisela Scaglia,"Scaglia, Gisela",Santa Fe,2013-12-10,2017-12-09,UNION PRO,133,http://www.hcdn.gob.ar/diputados/gscaglia/,"","","",,
csliermann,Cornelia Schmidt Liermann,"Schmidt Liermann, Cornelia",Ciudad De Buenos Aires,2015-12-10,2019-12-09,UNION PRO,133,http://www.hcdn.gob.ar/diputados/csliermann/,"","","",,2015-12-10
mschwindt,Maria Liliana Schwindt,"Schwindt, Maria Liliana",Buenos Aires,2013-12-10,2017-12-09,FEDERAL UNIDOS POR UNA NUEVA ARGENTINA,133,http://www.hcdn.gob.ar/diputados/mschwindt/,"","","",,
cselva,Carlos Americo Selva,"Selva, Carlos Americo",Buenos Aires,2015-12-10,2019-12-09,FEDERAL UNIDOS POR UNA NUEVA ARGENTINA,133,http://www.hcdn.gob.ar/diputados/cselva/,"","","",,2015-12-10
msemhan,Maria De Las Mercedes Semhan,"Semhan, Maria De Las Mercedes",Corrientes,2013-12-10,2017-12-09,UCR,133,http://www.hcdn.gob.ar/diputados/msemhan/,"","","",,
eseminara,Eduardo Jorge Seminara,"Seminara, Eduardo Jorge",Santa Fe,2013-12-10,2017-12-09,FRENTE PARA LA VICTORIA - PJ,133,http://www.hcdn.gob.ar/diputados/eseminara/,"","","",,
asnopek,Alejandro Francisco Snopek,"Snopek, Alejandro Francisco",Jujuy,2015-12-10,2019-12-09,FEDERAL UNIDOS POR UNA NUEVA ARGENTINA,133,http://www.hcdn.gob.ar/diputados/asnopek/,"","","",,2015-12-10
gsnopek,Guillermo Snopek,"Snopek, Guillermo",Jujuy,2015-12-10,2019-12-09,JUSTICIALISTA,133,http://www.hcdn.gob.ar/diputados/gsnopek/,"","","",,2015-12-10
fsola,Felipe Carlos Sola,"Sola, Felipe Carlos",Buenos Aires,2013-12-10,2017-12-09,FEDERAL UNIDOS POR UNA NUEVA ARGENTINA,133,http://www.hcdn.gob.ar/diputados/fsola/,"","","",,
jsolanas,Julio Rodolfo Solanas,"Solanas, Julio Rodolfo",Entre Rios,2015-12-10,2019-12-09,FRENTE PARA LA VICTORIA - PJ,133,http://www.hcdn.gob.ar/diputados/jsolanas/,"","","",,2015-12-10
asoraire,Mirta Alicia Soraire,"Soraire, Mirta Alicia",Tucuman,2015-12-10,2019-12-09,FRENTE PARA LA VICTORIA - PJ,133,http://www.hcdn.gob.ar/diputados/asoraire/,"","","",,2015-12-10
msorgente,Marcelo Adolfo Sorgente,"Sorgente, Marcelo Adolfo",Ciudad De Buenos Aires,2013-12-10,2017-12-09,UNION PRO,133,http://www.hcdn.gob.ar/diputados/msorgente/,"","","",,
msoria,Maria Emilia Soria,"Soria, Maria Emilia",Rio Negro,2013-12-10,2017-12-09,FRENTE PARA LA VICTORIA - PJ,133,http://www.hcdn.gob.ar/diputados/msoria/,"","","",,
ssosa,Soledad Sosa,"Sosa, Soledad",Mendoza,2013-12-10,2017-12-09,FRENTE DE IZQUIERDA Y DE LOS TRABAJADORES,133,http://www.hcdn.gob.ar/diputados/ssosa/,"","","",,
rspinozzi,Ricardo Adrian Spinozzi,"Spinozzi, Ricardo Adrian",Santa Fe,2013-12-10,2017-12-09,UNION PRO,133,http://www.hcdn.gob.ar/diputados/rspinozzi/,"","","",,
mstolbizer,Margarita Rosa Stolbizer,"Stolbizer, Margarita Rosa",Buenos Aires,2013-12-10,2017-12-09,GEN,133,http://www.hcdn.gob.ar/diputados/mstolbizer/,"","","",,
jtaboada,Jorge Taboada,"Taboada, Jorge",Chubut,2015-12-10,2019-12-09,CHUBUT SOMOS TODOS,133,http://www.hcdn.gob.ar/diputados/jtaboada/,"","","",,2015-12-10
ltailhade,Luis Rodolfo Tailhade,"Tailhade, Luis Rodolfo",Buenos Aires,2015-12-10,2019-12-09,FRENTE PARA LA VICTORIA - PJ,133,http://www.hcdn.gob.ar/diputados/ltailhade/,"","","",,2015-12-10
htentor,Hector Olindo Tentor,"Tentor, Hector Olindo",Jujuy,2013-12-10,2017-12-09,JUSTICIALISTA,133,http://www.hcdn.gob.ar/diputados/htentor/,"","","",,
aterada,Alicia Terada,"Terada, Alicia",Chaco,2013-12-10,2017-12-09,COALICION CIVICA,133,http://www.hcdn.gob.ar/diputados/aterada/,"","","",,
stoledo,Susana Maria Toledo,"Toledo, Susana Maria",Santa Cruz,2013-12-10,2017-12-09,UCR,133,http://www.hcdn.gob.ar/diputados/stoledo/,"","","",,
htomas,Hector Daniel Tomas,"Tomas, Hector Daniel",San Juan,2013-12-10,2017-12-09,FRENTE PARA LA VICTORIA - PJ,133,http://www.hcdn.gob.ar/diputados/htomas/,"","","",,
ntomassi,Nestor Nicolas Tomassi,"Tomassi, Nestor Nicolas",Catamarca,2013-12-10,2017-12-09,JUSTICIALISTA,133,http://www.hcdn.gob.ar/diputados/ntomassi/,"","","",,
ptonelli,Pablo Gabriel Tonelli,"Tonelli, Pablo Gabriel",Ciudad De Buenos Aires,2015-12-10,2019-12-09,UNION PRO,133,http://www.hcdn.gob.ar/diputados/ptonelli/,"","","",,2015-12-10
ptorello,Pablo Torello,"Torello, Pablo",Buenos Aires,2015-12-10,2019-12-09,UNION PRO,133,http://www.hcdn.gob.ar/diputados/ptorello/,"","","",,2015-12-10
ftorroba,Francisco Javier Torroba,"Torroba, Francisco Javier",La Pampa,2013-12-10,2017-12-09,UCR,133,http://www.hcdn.gob.ar/diputados/ftorroba/,"","","",,
gtroiano,Gabriela Alejandra Troiano,"Troiano, Gabriela Alejandra",Buenos Aires,2013-12-10,2017-12-09,PARTIDO SOCIALISTA,133,http://www.hcdn.gob.ar/diputados/gtroiano/,"","","",,
mtundis,Mirta Tundis,"Tundis, Mirta",Buenos Aires,2013-12-10,2017-12-09,FEDERAL UNIDOS POR UNA NUEVA ARGENTINA,133,http://www.hcdn.gob.ar/diputados/mtundis/,"","","",,
purroz,Paula Marcela Urroz,"Urroz, Paula Marcela",Buenos Aires,2015-12-10,2019-12-09,UNION PRO,133,http://www.hcdn.gob.ar/diputados/purroz/,"","","",,2015-12-10
gvaldes,Gustavo Adolfo Valdes,"Valdes, Gustavo Adolfo",Corrientes,2013-12-10,2017-12-09,UCR,133,http://www.hcdn.gob.ar/diputados/gvaldes/,"","","",,
mvega,Maria Clara Del Valle Vega,"Vega, Maria Clara Del Valle",La Rioja,2013-12-10,2017-12-09,UCR,133,http://www.hcdn.gob.ar/diputados/mvega/,"","","",,
jvillalonga,Juan Carlos Villalonga,"Villalonga, Juan Carlos",Ciudad De Buenos Aires,2015-12-10,2019-12-09,UNION PRO,133,http://www.hcdn.gob.ar/diputados/jvillalonga/,"","","",,2015-12-10
mvillarm,Maria Ines Villar Molina,"Villar Molina, Maria Ines",Neuquen,2013-12-10,2017-12-09,MOV POP NEUQUINO,133,http://www.hcdn.gob.ar/diputados/mvillarm/,"","","",,
tvillavicencio,Maria Teresita Villavicencio,"Villavicencio, Maria Teresita",Tucuman,2015-12-10,2019-12-09,DEL BICENTENARIO,133,http://www.hcdn.gob.ar/diputados/tvillavicencio/,"","","",,2015-12-10
lvolnovich,Luana Volnovich,"Volnovich, Luana",Buenos Aires,2015-12-10,2019-12-09,FRENTE PARA LA VICTORIA - PJ,133,http://www.hcdn.gob.ar/diputados/lvolnovich/,"","","",,2015-12-10
mwechsler,Marcelo German Wechsler,"Wechsler, Marcelo German",Ciudad De Buenos Aires,2015-12-10,2019-12-09,UNION PRO,133,http://www.hcdn.gob.ar/diputados/mwechsler/,"","","",,2015-12-10
swisky,Sergio Javier Wisky,"Wisky, Sergio Javier",Rio Negro,2015-12-10,2019-12-09,UNION PRO,133,http://www.hcdn.gob.ar/diputados/swisky/,"","","",,2015-12-10
wwolff,Waldo Ezequiel Wolff,"Wolff, Waldo Ezequiel",Buenos Aires,2015-12-10,2019-12-09,UNION PRO,133,http://www.hcdn.gob.ar/diputados/wwolff/,"","","",,2015-12-10
aziegler,Alex Roberto Ziegler,"Ziegler, Alex Roberto",Misiones,2013-12-10,2017-12-09,LIBERTAD VALORES Y CAMBIO,133,http://www.hcdn.gob.ar/diputados/aziegler/,"","","",,
sziliotto,Sergio Raul Ziliotto,"Ziliotto, Sergio Raul",La Pampa,2015-12-10,2019-12-09,JUSTICIALISTA,133,http://www.hcdn.gob.ar/diputados/sziliotto/,"","","",,2015-12-10
