id,name,sort_name,email,twitter,facebook,group,group_id,area_id,area,chamber,term,start_date,end_date,image,gender
d514d040-5479-4a3d-a530-7b1e532daecc,Adriana Lastra Fernández,"Lastra Fernández, Adriana",adriana.lastra@congreso.es,Adrilastra,,G.P. Socialista,GS,area/asturias,Asturias,Congreso de los Diputados,11,,,http://www.congreso.es/wc/htdocs/web/img/diputados/328_11.jpg,female
a6f1be96-8528-4d0f-9e36-e6f1a964cb5d,Aina Vidal Sáez,"Vidal Sáez, Aina",aina.vidal@congreso.es,ainavs,,G.P. Podemos-En Comú Podem-En Marea,GP-EC-EM,area/barcelona,Barcelona,Congreso de los Diputados,11,,,http://www.congreso.es/wc/htdocs/web/img/diputados/100_11.jpg,female
b3d6f99d-7a8f-4fde-b299-39e59a6a72bd,Aitor Esteban,"Esteban Bravo, Aitor",,AITOR_ESTEBAN,aitor.esteban.3,G.P. Vasco,EAJ-PNV,area/bizkaia,Bizkaia,Congreso de los Diputados,11,,,http://www.congreso.es/wc/htdocs/web/img/diputados/123_11.jpg,male
405a3a3a-beae-4385-9d8d-53594e8b99a5,Albert Rivera Díaz,"Rivera Díaz, Albert",,Albert_Rivera,,G.P. Ciudadanos,GCs,area/madrid,Madrid,Congreso de los Diputados,11,,,http://www.congreso.es/wc/htdocs/web/img/diputados/227_11.jpg,male
65669c5d-db75-4e41-af9b-6a9c531d1611,Alberto Garzón,"Garzón Espinosa, Alberto",alberto.garzon@congreso.es,agarzon,alberto.g.espinosa,G.P. Mixto,GMx,area/madrid,Madrid,Congreso de los Diputados,11,,,https://upload.wikimedia.org/wikipedia/commons/8/8d/Alberto_Garzón_(crop).jpg,male
64ab5f7f-67c8-4e5b-8b77-d682e68b7d83,Alberto Montero Soler,"Montero Soler, Alberto",alberto.montero@congreso.es,amonterosoler,,G.P. Podemos-En Comú Podem-En Marea,GP-EC-EM,area/málaga,Málaga,Congreso de los Diputados,11,,,http://www.congreso.es/wc/htdocs/web/img/diputados/91_11.jpg,male
e880c753-6bf5-4cd5-8f9c-6293fa737ff5,Alberto Rodríguez Rodríguez,"Rodríguez Rodríguez, Alberto",alberto.rodriguez@congreso.es,Alber_Canarias,Alberto-Rodr%C3%ADguez-537122339775725,G.P. Podemos-En Comú Podem-En Marea,GP-EC-EM,area/santa_cruz_de_tenerife,Santa Cruz de Tenerife,Congreso de los Diputados,11,,,http://www.congreso.es/wc/htdocs/web/img/diputados/78_11.jpg,male
f1b41db5-d3cf-4b2a-a8ef-21dcf8844c4f,Alejandro Ramírez,"Ramírez del Molino Morán, Alejandro",,,,G.P. Popular,GP,area/badajoz,Badajoz,Congreso de los Diputados,11,,,https://upload.wikimedia.org/wikipedia/commons/5/52/Alramo.JPG,male
e512ea96-9398-4be2-9b8e-40ed4acc519e,Alexandra Fernández Gómez,"Fernández Gómez, Alexandra",alexandra.fernandez@congreso.es,aKollontai,,G.P. Podemos-En Comú Podem-En Marea,GP-EC-EM,area/pontevedra,Pontevedra,Congreso de los Diputados,11,,,http://www.congreso.es/wc/htdocs/web/img/diputados/274_11.jpg,female
43e4086c-e80e-4553-a144-7a9214bf5df3,Alfonso Alonso,"Alonso Aranegui, Alfonso",portavoz.gpp@gpp.congreso.es,AlfonsoAlonsoPP,AlfonsoAlonsoPP,G.P. Popular,GP,area/araba/Álava,Araba/Álava,Congreso de los Diputados,11,,,https://upload.wikimedia.org/wikipedia/commons/6/63/Alfonso_Alonso_2015_(cropped).jpg,male
aaf2d2ce-3aa1-4537-ae65-a71ba995a8c8,Alfonso Candón,"Candón Adán, Alfonso",,AlfonsoCandon,,G.P. Popular,GP,area/cádiz,Cádiz,Congreso de los Diputados,11,,,http://www.congreso.es/wc/htdocs/web/img/diputados/98_11.jpg,male
15d51efa-e8cd-4ca5-b4b2-07177d4b5152,Alicia Sánchez-Camacho Pérez,"Sánchez-Camacho Pérez, Alicia",,AliciaSCamacho,,G.P. Popular,GP,area/barcelona,Barcelona,Congreso de los Diputados,11,,,http://www.congreso.es/wc/htdocs/web/img/diputados/203_11.jpg,female
8c36dd0d-1dd3-4242-a973-a7520919a241,Amparo Botejara Sanz,"Botejara Sanz, Amparo",,AmparoBotejara,,G.P. Podemos-En Comú Podem-En Marea,GP-EC-EM,area/badajoz,Badajoz,Congreso de los Diputados,11,,,http://www.congreso.es/wc/htdocs/web/img/diputados/60_11.jpg,female
99c25392-42b2-4469-ab40-778e2c63c769,Ana Belén Terrón Berbel,"Terrón Berbel, Ana Belén",ana.terron@congreso.es,AnaTerron_,AnaTerronB,G.P. Podemos-En Comú Podem-En Marea,GP-EC-EM,area/granada,Granada,Congreso de los Diputados,11,,,http://www.congreso.es/wc/htdocs/web/img/diputados/280_11.jpg,female
dd0ace7d-6694-4607-8f49-f5d079155c9c,Ana Isabel Alós López,"Alós López, Ana Isabel",ana.alos@congreso.es,AnaAlos,,G.P. Popular,GP,area/huesca,Huesca,Congreso de los Diputados,11,,,http://www.congreso.es/wc/htdocs/web/img/diputados/276_11.jpg,female
76ec78b2-d675-45ad-add7-0e747660ce7d,Ana Marcello Santos,"Marcello Santos, Ana",ana.marcello@congreso.es,anamarcelloana,,G.P. Podemos-En Comú Podem-En Marea,GP-EC-EM,area/león,León,Congreso de los Diputados,11,,,http://www.congreso.es/wc/htdocs/web/img/diputados/80_11.jpg,female
d3a37c69-f0fb-4c53-b380-839427439554,Ana María Botella Gómez,"Botella Gómez, Ana María",ana.botella@congreso.es,AnaBotellaPSOE,,G.P. Socialista,GS,area/valencia,Valencia,Congreso de los Diputados,11,,,http://www.congreso.es/wc/htdocs/web/img/diputados/160_11.jpg,female
9d1c2e59-5e38-4bcc-bf16-c8e9b853a6e9,Ana María Madrazo,"Madrazo Díaz, Ana María",anamadrazo@congreso.es,anamadrazo61,anamaria.madrazodiaz,G.P. Popular,GP,area/cantabria,Cantabria,Congreso de los Diputados,11,,,http://www.congreso.es/wc/htdocs/web/img/diputados/204_11.jpg,female
5e347415-50a0-487c-8126-5b4ae7bb7c6c,Ana María Oramas,"Oramas González-Moro, Ana María",ana.oramas@congreso.es,,,G.P. Mixto,GMx,area/santa_cruz_de_tenerife,Santa Cruz de Tenerife,Congreso de los Diputados,11,,,http://www.congreso.es/wc/htdocs/web/img/diputados/302_11.jpg,female
aa3bfe3b-186d-4cbe-9c9f-e5f8d7c7489a,Ana María Pastor,"Pastor Julián, Ana María",,anapastorPP,,G.P. Popular,GP,area/pontevedra,Pontevedra,Congreso de los Diputados,11,,,https://upload.wikimedia.org/wikipedia/commons/4/4d/Ana_Pastor_(19_de_noviembre_de_2007).jpg,female
ea061c6c-bca9-48f8-ad59-ffb5069ed5f2,Ana María Surra Spadea,"Surra Spadea, Ana María",ana.surra@congreso.es,anasurra,,G.P. Esquerra Republicana,GER,area/barcelona,Barcelona,Congreso de los Diputados,11,,,http://www.congreso.es/wc/htdocs/web/img/diputados/320_11.jpg,female
465fa723-25aa-4279-b5cc-1cf7f5209029,Andrés José Ayala,"Ayala Sánchez, Andrés José",,,AndresJ.Ayala,G.P. Popular,GP,area/murcia,Murcia,Congreso de los Diputados,11,,,http://www.congreso.es/wc/htdocs/web/img/diputados/28_11.jpg,male
22988c1b-e103-4c13-b1aa-e9f7dee188ff,Antoni Postius Terrado,"Postius Terrado, Antoni",,antonipostius,antoni.postius,G.P. Catalán,DL,area/lleida,LLeida,Congreso de los Diputados,11,,,http://www.congreso.es/wc/htdocs/web/img/diputados/3_11.jpg,male
7e8b8a28-fc9d-4ef5-a5e6-5b75d50da443,Antonio Cantó,"Cantó García del Moral, Antonio",secretaria.upyd@congreso.es,ToniCanto1,,G.P. Ciudadanos,GCs,area/valencia,Valencia,Congreso de los Diputados,11,,,https://upload.wikimedia.org/wikipedia/commons/3/3c/Toni_Cantó_2013_-_Zoquejo_Diario_(cropped).jpg,male
8dd2c4a4-efdc-422a-b6dc-1dba3dee3d74,Antonio Francisco Pradas,"Pradas Torres, Antonio Francisco",antonio.pradas@congreso.es,PradasTorres,,G.P. Socialista,GS,area/sevilla,Sevilla,Congreso de los Diputados,11,,,http://www.congreso.es/wc/htdocs/web/img/diputados/102_11.jpg,male
c12a07fb-f090-4385-b020-03bcb6395959,Antonio Gutiérrez Limones,"Gutiérrez Limones, Antonio",aglimones@congreso.es,LimonesAG,,G.P. Socialista,GS,area/sevilla,Sevilla,Congreso de los Diputados,11,,,http://www.congreso.es/wc/htdocs/web/img/diputados/325_11.jpg,male
630cbc25-51f5-4015-8cea-022a0197a7ce,Antonio Gómez-Reino Varela,"Gómez-Reino Varela, Antonio",antongomezreino@congreso.es,tone_corunha,anton.gomezreinovarela,G.P. Podemos-En Comú Podem-En Marea,GP-EC-EM,area/a_coruña,A Coruña,Congreso de los Diputados,11,,,http://www.congreso.es/wc/htdocs/web/img/diputados/272_11.jpg,male
3901287a-7301-482e-9c66-c3bedf237a99,Antonio Hernando,"Hernando Vera, Antonio",antonio.hernando@congreso.es,AHernandoVera,Antonio-Hernando-250719431652286,G.P. Socialista,GS,area/madrid,Madrid,Congreso de los Diputados,11,,,https://upload.wikimedia.org/wikipedia/commons/4/4a/Antonio_Hernando_en_Jerez_de_los_Caballeros.jpg,male
fa324641-c573-4c5b-a589-b65cc69220be,Antonio Hurtado,"Hurtado Zurera, Antonio",antonio.hurtado@congreso.es,antoniohurtado,antonio.hurtadozurera,G.P. Socialista,GS,area/córdoba,Córdoba,Congreso de los Diputados,11,,,http://www.congreso.es/wc/htdocs/web/img/diputados/54_11.jpg,male
26bcfc0c-f603-43c9-a3fb-ba9b389b4810,Antonio Pablo González Terol,"González Terol, Antonio Pablo",antonio.terol@congreso.es aglezterol@hotmail.com,Aglezterol,antoniogonzalezterol,G.P. Popular,GP,area/madrid,Madrid,Congreso de los Diputados,11,,,http://www.congreso.es/wc/htdocs/web/img/diputados/159_11.jpg,male
c77381b6-e981-4d08-b708-503177e2863b,Antonio Ramón María Trevín,"Trevín Lombán, Antonio Ramón María",antoniotrevin@yahoo.es,antoniotrevin,100010691914577,G.P. Socialista,GS,area/asturias,Asturias,Congreso de los Diputados,11,,,https://upload.wikimedia.org/wikipedia/commons/6/6f/Antonio_Trevín_(cropped).PNG,male
8e421421-c9e1-4fe9-9ed7-bdfc9da2d58f,Antonio Rodríguez Vázquez,"Rodríguez Vázquez, Antonio",antonio.rodriguez@congreso.es,,,G.P. Ciudadanos,GCs,area/a_coruña,A Coruña,Congreso de los Diputados,11,,,http://www.congreso.es/wc/htdocs/web/img/diputados/265_11.jpg,male
e13aae73-e42d-4b9f-9620-51a2273f9d81,Antonio Roldán Monés,"Roldán Monés, Antonio",antonio.roldan@congreso.es,toniroldanm,,G.P. Ciudadanos,GCs,area/barcelona,Barcelona,Congreso de los Diputados,11,,,http://www.congreso.es/wc/htdocs/web/img/diputados/230_11.jpg,male
8ebef721-9e13-4cf2-aeae-24d51a6468dc,Artemi Vicent Rallo Lombarte,"Rallo Lombarte, Artemi Vicent",artemi.rallo@congreso.es,RalloArtemi,,G.P. Socialista,GS,area/castellón,Castellón,Congreso de los Diputados,11,,,http://www.congreso.es/wc/htdocs/web/img/diputados/90_11.jpg,male
582bd026-18f1-4f8e-ae00-4a726058a6d9,Arturo García-Tizón,"García-Tizón López, Arturo",a.gtizon@congreso.es,,,G.P. Popular,GP,area/toledo,Toledo,Congreso de los Diputados,11,,,https://upload.wikimedia.org/wikipedia/commons/5/5a/Arturo_García-Tizón_2013_(cropped).jpg,male
4d34c6f6-1489-4c3b-b47a-c1067c589145,Beatriz Marta Escudero,"Escudero Berzal, Beatriz Marta",,,bmescudero,G.P. Popular,GP,area/segovia,Segovia,Congreso de los Diputados,11,,,http://www.congreso.es/wc/htdocs/web/img/diputados/16_11.jpg,female
f30beea7-3c1c-4202-9f25-7a49386b1578,Belén Hoyo,"Hoyo Juliá, Belén",hoyobelen@gmail.com,BelenHoyo,,G.P. Popular,GP,area/valencia,Valencia,Congreso de los Diputados,11,,,http://www.congreso.es/wc/htdocs/web/img/diputados/303_11.jpg,female
ec9c01f7-f35d-4574-9420-6c2e9ef47b32,Carles Campuzano,"Campuzano i Canadés, Carles",carles.campuzano@gmail.com,carlescampuzano,carles.campuzano,G.P. Catalán,DL,area/barcelona,Barcelona,Congreso de los Diputados,11,,,https://upload.wikimedia.org/wikipedia/commons/e/e7/Defensem_la_nostra_cultura_(27203572343).jpg,male
88696c67-f08b-4e52-85d2-4cb41192ad00,Carlos Casimiro Salvador,"Salvador Armendáriz, Carlos Casimiro",carlos.salvador@congreso.es,ccsalvador_,,G.P. Mixto,GMx,area/navarra,Navarra,Congreso de los Diputados,11,,,https://upload.wikimedia.org/wikipedia/commons/1/19/Premios_HazteOir.org_2011_(6).jpg,male
736deea4-0c88-4083-8a97-dd91434969ea,Carlos Javier Floriano,"Floriano Corrales, Carlos Javier",carlos.floriano@congreso.es,c_floriano,,G.P. Popular,GP,area/cáceres,Cáceres,Congreso de los Diputados,11,,,https://upload.wikimedia.org/wikipedia/commons/c/cf/Carlos_Floriano_en_la_2ª_jornada_del_curso_de_Verano_del_PP_en_Gandía_(2).jpg,male
fe9d8521-19c6-4a93-b271-0cbae5c6d8ff,Carlos Pracht Ferrer,"Pracht Ferrer, Carlos",carlos.pracht@congreso.es,CarlosPracht,,G.P. Ciudadanos,GCs,area/cantabria,Cantabria,Congreso de los Diputados,11,,,http://www.congreso.es/wc/htdocs/web/img/diputados/224_11.jpg,male
180ec43e-2841-4452-95a9-70d3ed189f3c,Carlos Rojas García,"Rojas García, Carlos",carlos.rojas@congreso.es,CarlosRojas_PPA,Carlos-Rojas-Garc%C3%ADa-166753193370543,G.P. Popular,GP,area/granada,Granada,Congreso de los Diputados,11,,,http://www.congreso.es/wc/htdocs/web/img/diputados/53_11.jpg,male
303cc6fa-7fd6-43ec-808c-e2f6d7348b03,Carme Chacón,"Chacón Piqueras, Carme",,,carmechaconpiqueras,G.P. Socialista,GS,area/barcelona,Barcelona,Congreso de los Diputados,11,,,https://upload.wikimedia.org/wikipedia/commons/7/7d/Carme_Chacón_2009_(cropped).jpg,female
48831c05-e5f3-4e09-9bd2-4cac1ce580b7,Carmelo Romero,"Romero Hernández, Carmelo",,,,G.P. Popular,GP,area/huelva,Huelva,Congreso de los Diputados,11,,,http://www.congreso.es/wc/htdocs/web/img/diputados/225_11.jpg,male
8ae9d9af-84c8-4f36-ae1d-3bb315248b58,Carmen Navarro Lacoba,"Navarro Lacoba, Carmen",carmen.navarro@congreso.es,CnLacoba,,G.P. Popular,GP,area/albacete,Albacete,Congreso de los Diputados,11,,,http://www.congreso.es/wc/htdocs/web/img/diputados/207_11.jpg,female
e1eea0ad-5354-4509-9f7d-86024606ef77,Carmen Rocío Cuello Pérez,"Cuello Pérez, Carmen Rocío",carmen.cuello@congreso.es,CarmenRCuello,carmen.cuelloperez,G.P. Socialista,GS,area/sevilla,Sevilla,Congreso de los Diputados,11,,,http://www.congreso.es/wc/htdocs/web/img/diputados/297_11.jpg,female
a0420f33-213d-4491-90d9-541bd5fb2fa1,Carolina Bescansa Hernández,"Bescansa Hernández, Carolina",carolina.bescansa@congreso.es,CBescansa,,G.P. Podemos-En Comú Podem-En Marea,GP-EC-EM,area/madrid,Madrid,Congreso de los Diputados,11,,,http://www.congreso.es/wc/htdocs/web/img/diputados/294_11.jpg,female
8f0c152a-06d0-4504-aa6b-1f4c021b0d85,Carolina España,"España Reina, Carolina",carolina.espana@congreso.es,,,G.P. Popular,GP,area/málaga,Málaga,Congreso de los Diputados,11,,,http://www.congreso.es/wc/htdocs/web/img/diputados/20_11.jpg,female
49ee5e65-8066-41db-ab71-c40270dc945a,Celia Villalobos,"Villalobos Talero, Celia",,,,G.P. Popular,GP,area/málaga,Málaga,Congreso de los Diputados,11,,,https://upload.wikimedia.org/wikipedia/commons/b/bb/Celia_Villalobos.png,female
e75c9638-facc-41ed-990a-32a74d8f230e,Celso Luis Delgado,"Delgado Arce, Celso Luis",celso.delgado@congreso.es,,,G.P. Popular,GP,area/ourense,Ourense,Congreso de los Diputados,11,,,http://www.congreso.es/wc/htdocs/web/img/diputados/36_11.jpg,male
ad901179-52ae-43f3-bd8b-3d3a50b138c9,Cristóbal Ricardo Montoro,"Montoro Romero, Cristóbal Ricardo",cristobal.montoro@congreso.es,,,G.P. Popular,GP,area/madrid,Madrid,Congreso de los Diputados,11,,,"https://upload.wikimedia.org/wikipedia/commons/7/75/Cristóbal_Montoro,_Coordinador_dEconomia_del_Partit_Popular,_als_Dinars_Cambra,_17_doctubre_de_2011_(2).jpg",male
fad51098-fd9f-4bd9-9dc9-f99f0d1fa77e,César Joaquín Ramos Esteban,"Ramos Esteban, César Joaquín",cesar.ramos@congreso.es cesar@cesarramos.es,CesarJRamos,cesarramosesteban,G.P. Socialista,GS,area/cáceres,Cáceres,Congreso de los Diputados,11,,,http://www.congreso.es/wc/htdocs/web/img/diputados/108_11.jpg,male
5451ee94-11d2-4f08-947e-6fe6cca9855d,César Luena,"Luena López, César",cesar.luena@congreso.es,cesarluena,,G.P. Socialista,GS,area/la_rioja,La Rioja,Congreso de los Diputados,11,,,https://upload.wikimedia.org/wikipedia/commons/c/c0/20130515_Cesar_Luena.jpg,male
e45c8d50-c214-408c-9606-6aeb6fb37505,David Bravo Bueno,"Bravo Bueno, David",,dbravo,,G.P. Podemos-En Comú Podem-En Marea,GP-EC-EM,area/almería,Almería,Congreso de los Diputados,11,,,http://www.congreso.es/wc/htdocs/web/img/diputados/74_11.jpg,male
da616a9f-75ee-40c8-84ac-70c55fbfd468,David Bruzos Higuero,"Bruzos Higuero, David",david.bruzos@congreso.es,david_bruzos,,G.P. Podemos-En Comú Podem-En Marea,GP-EC-EM,area/ourense,Ourense,Congreso de los Diputados,11,,,http://www.congreso.es/wc/htdocs/web/img/diputados/142_11.jpg,male
35d0fde6-9d54-420e-97c8-6c94e2b2aa67,David Serrada Pariente,"Serrada Pariente, David",,dvserrada,,G.P. Socialista,GS,area/salamanca,Salamanca,Congreso de los Diputados,11,,,http://www.congreso.es/wc/htdocs/web/img/diputados/9_11.jpg,male
8093a09b-5045-4404-a84d-58b6bdecb7dd,Diego Clemente Giménez,"Clemente Giménez, Diego",diego.clemente@congreso.es diego@roquetas-cs.org,diego__clemente,diego.clementegimenez,G.P. Ciudadanos,GCs,area/almería,Almería,Congreso de los Diputados,11,,,http://www.congreso.es/wc/htdocs/web/img/diputados/97_11.jpg,male
0a50019c-3883-421c-a89f-efc0ff65d393,Dolors Montserrat,"Montserrat Montserrat, Dolors",montserrat@congreso.es,DolorsMM,dolors.montserratmontserrat,G.P. Popular,GP,area/barcelona,Barcelona,Congreso de los Diputados,11,,,https://upload.wikimedia.org/wikipedia/commons/7/74/Dolors_Montserrat_2015_(cropped).jpg,female
3bdb260b-30f6-4b9a-9829-fbaa073b5e8c,Dolors Terradas Viñals,"Terradas Viñals, Dolors",dolorsterradas@congreso.es dolorsterradas01@gmail.com dolorsterradas@yahoo.es,,,G.P. Podemos-En Comú Podem-En Marea,GP-EC-EM,area/girona,Girona,Congreso de los Diputados,11,,,http://www.congreso.es/wc/htdocs/web/img/diputados/104_11.jpg,female
d3ac291c-bde6-476c-a4f6-2e7db6b63785,Domingo Lorenzo Rodríguez,"Lorenzo Rodríguez, Domingo",,Dlorenzo54,,G.P. Ciudadanos,GCs,area/castellón,Castellón,Congreso de los Diputados,11,,,http://www.congreso.es/wc/htdocs/web/img/diputados/190_11.jpg,male
94f30c5d-f627-4e5f-a7a1-cb2e770368ac,Eduardo Fernández,"Fernández García, Eduardo",eduardo.fgarcia@congreso.es,,,G.P. Popular,GP,area/león,León,Congreso de los Diputados,11,,,http://www.congreso.es/wc/htdocs/web/img/diputados/26_11.jpg,male
82ffd747-82b2-4649-9d86-0bcda664f7b4,Eduardo Javier Maura Zorita,"Maura Zorita, Eduardo Javier",,edumaura,,G.P. Podemos-En Comú Podem-En Marea,GP-EC-EM,area/bizkaia,Bizkaia,Congreso de los Diputados,11,,,http://www.congreso.es/wc/htdocs/web/img/diputados/144_11.jpg,male
7794dd90-26da-4ee2-9514-ad82fbf3d385,Eduardo Santos Itoiz,"Santos Itoiz, Eduardo",esantositoiz@congreso.es,,,G.P. Podemos-En Comú Podem-En Marea,GP-EC-EM,area/navarra,Navarra,Congreso de los Diputados,11,,,http://www.congreso.es/wc/htdocs/web/img/diputados/64_11.jpg,male
54aeafd9-c047-41c2-ac8e-58f834d9369b,Elena Faba de la Encarnación,"Faba de la Encarnación, Elena",efe@congreso.es,Elena_Faba,,G.P. Ciudadanos,GCs,area/barcelona,Barcelona,Congreso de los Diputados,11,,,http://www.congreso.es/wc/htdocs/web/img/diputados/251_11.jpg,female
0d9c0d0a-766a-448d-980a-e64482f8c517,Elena María Bastidas Bono,"Bastidas Bono, Elena María",elena.bastidas@congreso.es elenaalzira@gmail.com,elenabastidasb,elenabastidas.oficial,G.P. Popular,GP,area/valencia,Valencia,Congreso de los Diputados,11,,,http://www.congreso.es/wc/htdocs/web/img/diputados/169_11.jpg,female
50da245b-fae8-4e8d-be43-954ef3beb4bc,Elena Ribera i Garijo,"Ribera i Garijo, Elena",,elenaribera,,G.P. Catalán,DL,area/girona,Girona,Congreso de los Diputados,11,,,http://www.congreso.es/wc/htdocs/web/img/diputados/2_11.jpg,female
7c017995-fdc6-47cd-abec-02a09269f6de,Eloy Suárez,"Suárez Lamata, Eloy",eloy.suarez@congreso.es,eloysuarezl,,G.P. Popular,GP,area/zaragoza,Zaragoza,Congreso de los Diputados,11,,,https://upload.wikimedia.org/wikipedia/commons/a/ad/ELOY_SUAREZ.JPG,male
fe28632f-0053-4a4c-92ec-4310c8f59ec6,Elvira Ramón,"Ramón Utrabo, Elvira",elvira.ramon@psoe,ElviraRamon,elvira.ramonutrabo,G.P. Socialista,GS,area/granada,Granada,Congreso de los Diputados,11,,,http://www.congreso.es/wc/htdocs/web/img/diputados/314_11.jpg,female
9fa0633e-8feb-45ca-a779-43d3b7af11bb,Emilio Del Río Sanz,"Del Río Sanz, Emilio",emilio.delrio@congreso.es correo@emiliodelrio.es,emilio_delrio,emiliodelrio.larioja,G.P. Popular,GP,area/la_rioja,La Rioja,Congreso de los Diputados,11,,,http://www.congreso.es/wc/htdocs/web/img/diputados/47_11.jpg,male
074ab806-c8ef-4f1a-9ed2-e9eb15a8cafe,Enric Bataller i Ruiz,"Bataller i Ruiz, Enric",enric.bataller@congreso.es,EBataller,,G.P. Mixto,GMx,area/valencia,Valencia,Congreso de los Diputados,11,,,http://www.congreso.es/wc/htdocs/web/img/diputados/286_11.jpg,male
1851473a-9ed6-43d2-b1dd-0ea9a79ff993,Enrique Bueno Prado,"Bueno Prado, Enrique",,EnriqueBueno_,,G.P. Ciudadanos,GCs,area/león,León,Congreso de los Diputados,11,,,http://www.congreso.es/wc/htdocs/web/img/diputados/194_11.jpg,male
6492ee71-8edb-49b7-9b83-1ebd14202aaf,Ester Capella i Farré,"Capella i Farré, Ester",ester.capella@congreso.es,estercapella,ester.capella,G.P. Esquerra Republicana,GER,area/barcelona,Barcelona,Congreso de los Diputados,11,,,http://www.congreso.es/wc/htdocs/web/img/diputados/278_11.jpg,female
707e786b-3d72-42ee-acaa-ab1a6cc85b0c,Esther Peña Camarero,"Peña Camarero, Esther",esther.pena@congreso.es,estherpcamarero,,G.P. Socialista,GS,area/burgos,Burgos,Congreso de los Diputados,11,,,http://www.congreso.es/wc/htdocs/web/img/diputados/122_11.jpg,female
7491b4eb-3028-41cb-b5a6-28953ea2782f,Felipe Jesús Sicilia,"Sicilia Alférez, Felipe Jesús",felipe.sicilia@congreso.es,felipe_sicilia,,G.P. Socialista,GS,area/jaén,Jaén,Congreso de los Diputados,11,,,http://www.congreso.es/wc/htdocs/web/img/diputados/12_11.jpg,male
822a0321-b3d4-4103-bbed-1152b3c9f9df,Fernando Iglesias García,"Iglesias García, Fernando",fernando.iglesias@congreso.es,,,G.P. Podemos-En Comú Podem-En Marea,GP-EC-EM,area/gipuzkoa,Gipuzkoa,Congreso de los Diputados,11,,,http://www.congreso.es/wc/htdocs/web/img/diputados/147_11.jpg,male
cf8aa40a-abf6-4be9-91b7-205e45828181,Fernando Martínez-Maillo Toribio,"Martínez-Maillo Toribio, Fernando",fernando.maillo@congreso.es,martinezmaillo,,G.P. Popular,GP,area/zamora,Zamora,Congreso de los Diputados,11,,,http://www.congreso.es/wc/htdocs/web/img/diputados/106_11.jpg,male
d052173c-84b3-4cb6-a109-9ad6ba78feeb,Fernando Maura Barandiarán,"Maura Barandiarán, Fernando",fernando.maura@congreso.es,FMauraB,,G.P. Ciudadanos,GCs,area/madrid,Madrid,Congreso de los Diputados,11,,,http://www.congreso.es/wc/htdocs/web/img/diputados/176_11.jpg,male
a02c2441-06d1-4980-bcf8-044032c72127,Fernando Navarro Fernández-Rodríguez,"Navarro Fernández-Rodríguez, Fernando",,CsFernavarro,,G.P. Ciudadanos,GCs,area/illes_balears,Illes Balears,Congreso de los Diputados,11,,,http://www.congreso.es/wc/htdocs/web/img/diputados/185_11.jpg,male
8c02c263-833f-4610-ab34-9566ed20d31b,Ferran Bel Accensi,"Bel Accensi, Ferran",ferran.bel@congreso.es,Ferran_Bel,FerranBelAccensi,G.P. Catalán,DL,area/tarragona,Tarragona,Congreso de los Diputados,11,,,http://www.congreso.es/wc/htdocs/web/img/diputados/307_11.jpg,male
212ba1f6-1d85-409d-9efc-440600e4d9cb,Fidel Prieto Romero,"Prieto Romero, Fidel",fidel.prieto@congreso.es,fidel_prieto,,G.P. Ciudadanos,GCs,area/sevilla,Sevilla,Congreso de los Diputados,11,,,http://www.congreso.es/wc/htdocs/web/img/diputados/250_11.jpg,male
a699702b-f53e-49f1-aff0-aaa88cbe03d4,Francesc Homs Molist,"Homs Molist, Francesc",,franceschoms,,G.P. Catalán,DL,area/barcelona,Barcelona,Congreso de los Diputados,11,,,http://www.congreso.es/wc/htdocs/web/img/diputados/256_11.jpg,male
861dee91-5190-413c-94f5-6a0c4bff5e89,Francesc Xavier Domènech Sampere,"Domènech Sampere, Francesc Xavier",xavier.domenech@congreso.es,XavierDomenechs,xavier.sampere,G.P. Podemos-En Comú Podem-En Marea,GP-EC-EM,area/barcelona,Barcelona,Congreso de los Diputados,11,,,http://www.congreso.es/wc/htdocs/web/img/diputados/138_11.jpg,male
8289fbee-ccef-4a4f-8ea3-421279bdc3e0,Francesc Xavier Eritja Ciuró,"Eritja Ciuró, Francesc Xavier",xavier.eritja@congreso.es,xavieritja,,G.P. Esquerra Republicana,GER,area/lleida,LLeida,Congreso de los Diputados,11,,,http://www.congreso.es/wc/htdocs/web/img/diputados/345_11.jpg,male
1b08e2a8-ab31-4945-9feb-0f363e722c9d,Francisco De la Torre Díaz,"De la Torre Díaz, Francisco",francisco.delatorre@congreso.es,frdelatorre,,G.P. Ciudadanos,GCs,area/madrid,Madrid,Congreso de los Diputados,11,,,http://www.congreso.es/wc/htdocs/web/img/diputados/309_11.jpg,male
8a9762b0-3826-4f81-9dda-e33f28a4f674,Francisco Domingo Cabrera,"Cabrera García, Francisco Domingo",,Francisco_DCG,,G.P. Popular,GP,area/las_palmas,Las Palmas,Congreso de los Diputados,11,2016-04-19,,http://www.congreso.es/wc/htdocs/web/img/diputados/351_11.jpg,male
432b509e-2a50-40cb-9947-8b0a1ad85869,Francisco Hernández Spínola,"Hernández Spínola, Francisco",fco.hspinola@congreso.es,,,G.P. Socialista,GS,area/santa_cruz_de_tenerife,Santa Cruz de Tenerife,Congreso de los Diputados,11,,,http://www.congreso.es/wc/htdocs/web/img/diputados/327_11.jpg,male
a0bc6640-75c4-4973-8670-b8094b032274,Francisco Igea Arisqueta,"Igea Arisqueta, Francisco",francisco.igea@congreso.es,FranciscoIgea,francisco.igea,G.P. Ciudadanos,GCs,area/valladolid,Valladolid,Congreso de los Diputados,11,,,http://www.congreso.es/wc/htdocs/web/img/diputados/67_11.jpg,male
37131882-8753-4729-8fc6-491a1d5927b9,Francisco Javier Cano Leal,"Cano Leal, Francisco Javier",javier.cano@congreso.es,,,G.P. Ciudadanos,GCs,area/cádiz,Cádiz,Congreso de los Diputados,11,,,http://www.congreso.es/wc/htdocs/web/img/diputados/254_11.jpg,male
9e4ffdcc-ed7b-428a-a8d8-b858ac5c45ab,Francisco Javier Hervías Chirosa,"Hervías Chirosa, Francisco Javier",francisco.hervias@congreso.es,FranHervias,franhervias,G.P. Ciudadanos,GCs,area/madrid,Madrid,Congreso de los Diputados,11,,,http://www.congreso.es/wc/htdocs/web/img/diputados/264_11.jpg,male
de43a43a-8e72-4fa6-848b-3c2b88b90561,Francisco Molinero,"Molinero Hoyos, Francisco",francisco.molinero@congreso.es,,,G.P. Popular,GP,area/albacete,Albacete,Congreso de los Diputados,11,,,http://www.congreso.es/wc/htdocs/web/img/diputados/208_11.jpg,male
27d43240-bc25-4ae8-a59f-858d287ef145,Félix Alonso Cantorné,"Alonso Cantorné, Félix",felix.alonso@congreso.es,felixaltafulla,,G.P. Podemos-En Comú Podem-En Marea,GP-EC-EM,area/tarragona,Tarragona,Congreso de los Diputados,11,,,http://www.congreso.es/wc/htdocs/web/img/diputados/88_11.jpg,male
eeb8e888-6490-4e81-8e84-19a4af862721,Gabriel Rufián Romero,"Rufián Romero, Gabriel",gabriel.rufian@congreso.es,gabrielrufian,,G.P. Esquerra Republicana,GER,area/barcelona,Barcelona,Congreso de los Diputados,11,,,http://www.congreso.es/wc/htdocs/web/img/diputados/340_11.jpg,male
f855143d-6560-440f-b437-c5eb97318323,Gerardo Camps,"Camps Devesa, Gerardo",,,,G.P. Popular,GP,area/alicante,Alicante,Congreso de los Diputados,11,,,https://upload.wikimedia.org/wikipedia/commons/f/f0/Gerardo_Camps_PP.jpg,male
d8057fd8-2ee5-4fb6-9494-be5c8ca826e7,Germán Rodríguez,"Rodríguez Sánchez, Germán",german.rodriguez@congreso.es,grman_rodriguez,,G.P. Socialista,GS,area/barcelona,Barcelona,Congreso de los Diputados,11,,,http://www.congreso.es/wc/htdocs/web/img/diputados/300_11.jpg,male
ea4600fd-6552-4002-8176-3ba5df322cfb,Gonzalo Palacín Guarné,"Palacín Guarné, Gonzalo",gonzalo.palacin@congreso.es,gpalacinguarne,GonzaloPalacin,G.P. Socialista,GS,area/huesca,Huesca,Congreso de los Diputados,11,,,http://www.congreso.es/wc/htdocs/web/img/diputados/158_11.jpg,male
8b8e9cb6-61ac-4bb1-bd19-d9f33480587f,Gregorio Cámara Villar,"Cámara Villar, Gregorio",gregorio.camara@congreso.es,GregorioCmara,,G.P. Socialista,GS,area/granada,Granada,Congreso de los Diputados,11,,,http://www.congreso.es/wc/htdocs/web/img/diputados/268_11.jpg,male
26b981ab-0dec-41b1-bef7-f78b90fa0540,Guillermo Antonio Meijón,"Meijón Couselo, Guillermo Antonio",guillermo.meijon@congreso.es,guillermomeijon,100002246088690,G.P. Socialista,GS,area/pontevedra,Pontevedra,Congreso de los Diputados,11,,,http://www.congreso.es/wc/htdocs/web/img/diputados/180_11.jpg,male
cb48deef-48ef-4769-b0ef-82496097bea1,Guillermo Mariscal,"Mariscal Anaya, Guillermo",guillermomariscal@congreso.es,gmariscalanaya,,G.P. Popular,GP,area/las_palmas,Las Palmas,Congreso de los Diputados,11,,,http://www.congreso.es/wc/htdocs/web/img/diputados/334_11.jpg,male
53cdb69e-8558-4297-aac4-8d6f4c83fa68,Herick Manuel Campos,"Campos Arteseros, Herick Manuel",hca@congreso.es,herick_campos,diputadosysenadoresdelpspvpsoe,G.P. Socialista,GS,area/alicante,Alicante,Congreso de los Diputados,11,,,http://www.congreso.es/wc/htdocs/web/img/diputados/199_11.jpg,male
73ee8384-a07f-4fec-b376-bb264cf802e6,Ignacio Urquizu Sancho,"Urquizu Sancho, Ignacio",iurquizu@congreso.es,iurquizu,,G.P. Socialista,GS,area/teruel,Teruel,Congreso de los Diputados,11,,,http://www.congreso.es/wc/htdocs/web/img/diputados/25_11.jpg,male
2394dab1-0551-477a-8aa7-028c5a40f70f,Ignasi Candela Serna,"Candela Serna, Ignasi",ignasi.candela@congreso.es,IgnasiCandela,ignasietpv,G.P. Mixto,GMx,area/alicante,Alicante,Congreso de los Diputados,11,,,http://www.congreso.es/wc/htdocs/web/img/diputados/284_11.jpg,male
1ada1c91-fbb1-4498-9f32-efd9657f5276,Ione Belarra Urteaga,"Belarra Urteaga, Ione",ione.belarra@congreso.es,ionebelarra,IoneBelarra,G.P. Podemos-En Comú Podem-En Marea,GP-EC-EM,area/navarra,Navarra,Congreso de los Diputados,11,,,http://www.congreso.es/wc/htdocs/web/img/diputados/93_11.jpg,female
d9744661-1bff-4e27-a7cb-e95055876212,Irene Garrido,"Garrido Valenzuela, Irene",,,,G.P. Popular,GP,area/pontevedra,Pontevedra,Congreso de los Diputados,11,,,http://www.congreso.es/wc/htdocs/web/img/diputados/18_11.jpg,female
6c551f43-5076-4198-b750-086a6364c91e,Irene Lozano,"Lozano Domingo, Irene",secretaria.upyd@congreso.es,lozanoirene,100000997741300,G.P. Socialista,GS,area/madrid,Madrid,Congreso de los Diputados,11,,,https://upload.wikimedia.org/wikipedia/commons/f/f8/Irene_Lozano_2014_(cropped).jpg,female
dba2c7e0-acc2-4569-ac19-539c1b106bbc,Irene María Montero Gil,"Montero Gil, Irene María",irenemontero@congreso.es,Irene_Montero_,,G.P. Podemos-En Comú Podem-En Marea,GP-EC-EM,area/madrid,Madrid,Congreso de los Diputados,11,,,http://www.congreso.es/wc/htdocs/web/img/diputados/154_11.jpg,female
7e4e24c0-dcc4-4c04-bf9c-debc37521057,Irene Rivera Andrés,"Rivera Andrés, Irene",irene.rivera@congreso.es,_Irene_Rivera,Irene-Rivera-1622832151323858,G.P. Ciudadanos,GCs,area/málaga,Málaga,Congreso de los Diputados,11,,,http://www.congreso.es/wc/htdocs/web/img/diputados/258_11.jpg,female
91c3ad6c-f17b-46db-8f87-e288c9b21a95,Isabel Franco Carmona,"Franco Carmona, Isabel",,IsabelPodemos,Isabel-Franco-Carmona-172363716445736,G.P. Podemos-En Comú Podem-En Marea,GP-EC-EM,area/huelva,Huelva,Congreso de los Diputados,11,,,http://www.congreso.es/wc/htdocs/web/img/diputados/92_11.jpg,female
05c816c2-d58c-41f2-9c49-91e455976902,Isabel García Tejerina,"García Tejerina, Isabel",,,,G.P. Popular,GP,area/madrid,Madrid,Congreso de los Diputados,11,,,http://www.congreso.es/wc/htdocs/web/img/diputados/347_11.jpg,female
36b50e1e-1706-4047-bd78-53f27100f2f5,Isabel María Borrego,"Borrego Cortés, Isabel María",,,,G.P. Popular,GP,area/murcia,Murcia,Congreso de los Diputados,11,,,http://www.congreso.es/wc/htdocs/web/img/diputados/29_11.jpg,female
dc315c81-844a-472d-a4ad-169ab46be8d2,Isabel Rodríguez,"Rodríguez García, Isabel",isabel.rodriguez@congreso.es,isabelrguez,isabelrodriguezgarcia,G.P. Socialista,GS,area/ciudad_real,Ciudad Real,Congreso de los Diputados,11,,,https://upload.wikimedia.org/wikipedia/commons/7/7d/Isabel_Rodríguez_2015_Objetivo_Castilla-La_Mancha_Noticias_(cropped).jpg,female
21027511-64c3-4ea2-acbc-63842e8816c7,Isidro Manuel Martínez Oblanca,"Martínez Oblanca, Isidro Manuel",oblanca@congreso.es oblanca @gmail.com,imoblanca,,G.P. Mixto,GMx,area/asturias,Asturias,Congreso de los Diputados,11,,,http://www.congreso.es/wc/htdocs/web/img/diputados/49_11.jpg,male
453bb588-f232-4984-85bd-55b013cd6b05,Jaime Eduardo de Olano,"Olano Vela, Jaime Eduardo de",jaime.olano@congreso.es,,jaime.deolanovela,G.P. Popular,GP,area/lugo,Lugo,Congreso de los Diputados,11,,,http://www.congreso.es/wc/htdocs/web/img/diputados/114_11.jpg,male
568fdb87-be1f-4600-81cb-de75edba44e9,Jaime Miguel Mateu Istúriz,"Mateu Istúriz, Jaime Miguel",,,,G.P. Popular,GP,area/burgos,Burgos,Congreso de los Diputados,11,,,http://www.congreso.es/wc/htdocs/web/img/diputados/86_11.jpg,male
99d86b13-505c-49b9-a82a-d5e82666327d,Jaume Moya Matas,"Moya Matas, Jaume",,jaumemoyam,jaume.moya.7,G.P. Podemos-En Comú Podem-En Marea,GP-EC-EM,area/lleida,LLeida,Congreso de los Diputados,11,,,http://www.congreso.es/wc/htdocs/web/img/diputados/103_11.jpg,male
855b1ca3-8507-4c79-8c0a-381b99bb459e,Javier Antón Cacho,"Antón Cacho, Javier",javier.anton@congreso.es,javieranton,,G.P. Socialista,GS,area/soria,Soria,Congreso de los Diputados,11,,,http://www.congreso.es/wc/htdocs/web/img/diputados/57_11.jpg,male
3186a049-6e36-4f2d-9d00-a4d3e5120a51,Javier Sánchez Serna,"Sánchez Serna, Javier",,J_Sanchez_Serna,sigmund.jahn,G.P. Podemos-En Comú Podem-En Marea,GP-EC-EM,area/murcia,Murcia,Congreso de los Diputados,11,,,http://www.congreso.es/wc/htdocs/web/img/diputados/75_11.jpg,male
0eb4aa89-eda0-4b52-941e-72d8e34a5d6f,Jesús María Fernández Díaz,"Fernández Díaz, Jesús María",jesusmaria.fernandez@congreso.es,jesusmariafer,,G.P. Socialista,GS,area/navarra,Navarra,Congreso de los Diputados,11,,,http://www.congreso.es/wc/htdocs/web/img/diputados/257_11.jpg,male
4965348e-1024-4436-9a5d-4546b9d4ce14,Jesús Posada,"Posada Moreno, Jesús",jesus.posada@congreso.es,,,G.P. Popular,GP,area/soria,Soria,Congreso de los Diputados,11,,,https://upload.wikimedia.org/wikipedia/commons/6/6d/Jesús_Posada_2015_(cropped).jpg,male
b4058bd9-5c6c-433b-bf89-c0cfb90949d3,Joan Baldoví,"Baldoví Roda, Joan",joan.baldovi@congreso.es,joanbaldovi,,G.P. Mixto,GMx,area/valencia,Valencia,Congreso de los Diputados,11,,,https://upload.wikimedia.org/wikipedia/commons/4/4a/Baldo.jpg,male
fa439e3c-a909-48f4-ade1-dc47ad693ed0,Joan Baptista Olòriz Serra,"Olòriz Serra, Joan Baptista",joan.oloriz@congreso.es,,joan.oloriz,G.P. Esquerra Republicana,GER,area/girona,Girona,Congreso de los Diputados,11,,,http://www.congreso.es/wc/htdocs/web/img/diputados/319_11.jpg,male
1542286f-a681-477d-ab68-d71aef9e9451,Joan Capdevila i Esteve,"Capdevila i Esteve, Joan",joan.capdevila@congreso.es,capdevilajoan,joancapdevila,G.P. Esquerra Republicana,GER,area/barcelona,Barcelona,Congreso de los Diputados,11,,,http://www.congreso.es/wc/htdocs/web/img/diputados/323_11.jpg,male
59dfc58c-10ee-4fa8-a15c-bf346d8c25b5,Joan Miquel Mena Arca,"Mena Arca, Joan Miquel",joan.mena@congreso.es,joanmena,joanmena,G.P. Podemos-En Comú Podem-En Marea,GP-EC-EM,area/barcelona,Barcelona,Congreso de los Diputados,11,,,http://www.congreso.es/wc/htdocs/web/img/diputados/101_11.jpg,male
86db47f2-9f92-4993-971a-446c3a259ba6,Joan Ruiz,"Ruiz i Carbonell, Joan",jruiz@tinet.org,jruizcarbonell,,G.P. Socialista,GS,area/tarragona,Tarragona,Congreso de los Diputados,11,,,http://www.congreso.es/wc/htdocs/web/img/diputados/306_11.jpg,male
7e8ac786-fa01-4384-b674-2389dee83d5c,Joan Tardà,"Tardà i Coma, Joan",jtarda@congreso.es,JoanTarda,,G.P. Esquerra Republicana,GER,area/barcelona,Barcelona,Congreso de los Diputados,11,,,https://upload.wikimedia.org/wikipedia/commons/1/1f/Joan_Tardà.jpg,male
3ea0eda7-6155-4b63-a405-c4237fcd1b1f,Joaquín Albaladejo Martínez,"Albaladejo Martínez, Joaquín",joaquin.albaladejo@congreso.es,joaquintorrevie,,G.P. Popular,GP,area/alicante,Alicante,Congreso de los Diputados,11,,,http://www.congreso.es/wc/htdocs/web/img/diputados/85_11.jpg,male
32d6b5c8-c6cb-465c-b866-43f9aeb63feb,Joaquín María García,"García Díez, Joaquín María",joaquingd@congreso.es,Quin1954,JoaquinGarciaDiez,G.P. Popular,GP,area/lugo,Lugo,Congreso de los Diputados,11,,,http://www.congreso.es/wc/htdocs/web/img/diputados/156_11.jpg,male
d28be5f4-a3a6-48d5-bbd8-007258ff152c,Jordi Roca Mas,"Roca Mas, Jordi",jordi.roca@congreso.es,jordiroca,,G.P. Popular,GP,area/tarragona,Tarragona,Congreso de los Diputados,11,,,http://www.congreso.es/wc/htdocs/web/img/diputados/304_11.jpg,male
b909593b-3014-449f-b089-7478bff0ef01,Jordi Salvador i Duch,"Salvador i Duch, Jordi",,jsalvadorduch,,G.P. Esquerra Republicana,GER,area/tarragona,Tarragona,Congreso de los Diputados,11,,,http://www.congreso.es/wc/htdocs/web/img/diputados/341_11.jpg,male
b57f060a-4dae-4fb6-8897-c1e2ab1787e4,Jordi Xuclà,"Xuclà i Costa, Jordi",jordi.xucla@congreso.es,jordixucla,,G.P. Catalán,DL,area/girona,Girona,Congreso de los Diputados,11,,,https://upload.wikimedia.org/wikipedia/commons/7/7b/Jordi_Xuclà.jpg,male
5a5937a9-7b44-44d6-acd0-aa0ef698320c,Jorge Fernández,"Fernández Díaz, Jorge",,JorgeFdezDiaz,JorgeFernandezDiaz.PP,G.P. Popular,GP,area/barcelona,Barcelona,Congreso de los Diputados,11,,,https://upload.wikimedia.org/wikipedia/commons/6/66/2_Jorge_Fernández_Diaz_cropped.jpg,male
4411db44-9a72-4be4-ad41-79c9f4b5af3d,Jorge Luis Bail,"Luis Bail, Jorge",,ecoingeniero,,G.P. Podemos-En Comú Podem-En Marea,GP-EC-EM,area/huesca,Huesca,Congreso de los Diputados,11,,,http://www.congreso.es/wc/htdocs/web/img/diputados/19_11.jpg,male
bed48ef0-2d6d-4ec1-a6c9-ba2d9dbbd024,Jorge Moragas,"Moragas Sánchez, Jorge",,,,G.P. Popular,GP,area/barcelona,Barcelona,Congreso de los Diputados,11,,,https://upload.wikimedia.org/wikipedia/commons/7/73/5_Jorge_Moragas.jpg,male
7feb5cdb-c482-418c-b420-cdcdf574ff72,Joseba Andoni Agirretxea,"Agirretxea Urresti, Joseba Andoni",agirretxea@congreso.es,jagirretxea,,G.P. Vasco,EAJ-PNV,area/gipuzkoa,Gipuzkoa,Congreso de los Diputados,11,,,http://www.congreso.es/wc/htdocs/web/img/diputados/119_11.jpg,male
342e499e-9efa-4c75-ae7c-fd6c58abcc9d,Josefa Inmaculada González Bayo,"González Bayo, Josefa Inmaculada",pepa.gbayo@congreso.es,pepa_bayo,pepa.gonzalezbayo,G.P. Socialista,GS,area/huelva,Huelva,Congreso de los Diputados,11,,,http://www.congreso.es/wc/htdocs/web/img/diputados/270_11.jpg,female
f504a46e-c212-4273-afc3-c12d143766d1,Josep Vendrell Gardeñes,"Vendrell Gardeñes, Josep",josep.vendrell@congreso.es jvendrell@iniciativa.cat,vendrellj,,G.P. Podemos-En Comú Podem-En Marea,GP-EC-EM,area/barcelona,Barcelona,Congreso de los Diputados,11,,,http://www.congreso.es/wc/htdocs/web/img/diputados/96_11.jpg,male
b2147011-b64f-4c34-a862-117b9acca864,José Alberto Herrero Bono,"Herrero Bono, José Alberto",alberto.herrero@congreso.es,herrerobono,,G.P. Popular,GP,area/teruel,Teruel,Congreso de los Diputados,11,,,http://www.congreso.es/wc/htdocs/web/img/diputados/39_11.jpg,male
a8073002-9453-40bc-98f2-a19b318696a8,José Alberto Martín-Toledano,"Martín-Toledano Suárez, José Alberto",jose.martintoledano@congreso.es,martintoledano,,G.P. Popular,GP,area/ciudad_real,Ciudad Real,Congreso de los Diputados,11,,,http://www.congreso.es/wc/htdocs/web/img/diputados/155_11.jpg,male
c90b3ca6-a24e-4771-a588-e8616149d28b,José Andrés Torres,"Torres Mora, José Andrés",jandres@congreso.es,JATorresMora,,G.P. Socialista,GS,area/málaga,Málaga,Congreso de los Diputados,11,,,http://www.congreso.es/wc/htdocs/web/img/diputados/248_11.jpg,male
d4f92b35-9e7d-45d4-a461-cdf48476de58,José Antonio Bermúdez,"Bermúdez de Castro Fernández, José Antonio",,,,G.P. Popular,GP,area/salamanca,Salamanca,Congreso de los Diputados,11,,,http://www.congreso.es/wc/htdocs/web/img/diputados/311_11.jpg,male
21806f0a-1467-419d-bc60-05828de40688,José Antonio Calle Fuentes,"Calle Fuentes, José Antonio",jose.calle@congreso.es,,,G.P. Ciudadanos,GCs,area/málaga,Málaga,Congreso de los Diputados,11,,,http://www.congreso.es/wc/htdocs/web/img/diputados/195_11.jpg,male
a5548fb8-8c73-4ab1-b3ea-33bf80af9485,José Antonio Nieto Ballesteros,"Nieto Ballesteros, José Antonio",joseantonio.nieto@congreso.es,ja_nietob,José-Antonio-Nieto-51971637084,G.P. Popular,GP,area/córdoba,Córdoba,Congreso de los Diputados,11,,,http://www.congreso.es/wc/htdocs/web/img/diputados/235_11.jpg,male
dacc5b6c-3017-47a0-aed2-198863ccf38d,José Cano Fuster,"Cano Fuster, José",jose.cano@congreso.es,pepecanonucia,,G.P. Ciudadanos,GCs,area/alicante,Alicante,Congreso de los Diputados,11,,,http://www.congreso.es/wc/htdocs/web/img/diputados/188_11.jpg,male
d089c0a1-326c-476f-9dc1-ac4802370d3c,José Enrique Fernández de Moya Romero,"Fernández de Moya Romero, José Enrique",jefernandez@congreso.es,Jefernandezmoya,,G.P. Popular,GP,area/jaén,Jaén,Congreso de los Diputados,11,,,http://www.congreso.es/wc/htdocs/web/img/diputados/133_11.jpg,male
78189ac7-1f84-40d6-afbb-445ba67360a2,José Ignacio Echániz Salgado,"Echániz Salgado, José Ignacio",joseignacio.echaniz@congreso.es,,,G.P. Popular,GP,area/madrid,Madrid,Congreso de los Diputados,11,,,http://www.congreso.es/wc/htdocs/web/img/diputados/279_11.jpg,male
0163d628-f8e4-4659-be2e-22d957d4985c,José Ignacio Prendes Prendes,"Prendes Prendes, José Ignacio",ignacio.prendes@congreso.es,nachoprendes,,G.P. Ciudadanos,GCs,area/asturias,Asturias,Congreso de los Diputados,11,,,http://www.congreso.es/wc/htdocs/web/img/diputados/249_11.jpg,male
a138c3ab-41a2-449d-a7e0-10c016029f14,José Ignacio Sánchez,"Sánchez Amor, José Ignacio",nachosamor@congreso.es,NachoSAmor,,G.P. Socialista,GS,area/badajoz,Badajoz,Congreso de los Diputados,11,,,https://upload.wikimedia.org/wikipedia/commons/8/83/Samor-2.jpg,male
671be483-df1b-4e08-adef-fde09743b6e4,José Javier Lasarte Iribarren,"Lasarte Iribarren, José Javier",javier.lasarte@congreso.es,LasarteJavier,,G.P. Socialista,GS,area/araba/Álava,Araba/Álava,Congreso de los Diputados,11,,,http://www.congreso.es/wc/htdocs/web/img/diputados/247_11.jpg,male
c511c9ff-4146-4871-b513-a2af02054759,José Juan Díaz Trillo,"Díaz Trillo, José Juan",josejuan.diaz@congreso.es,,,G.P. Socialista,GS,area/huelva,Huelva,Congreso de los Diputados,11,,,http://www.congreso.es/wc/htdocs/web/img/diputados/186_11.jpg,male
d872f25b-ba21-410a-a3ef-aaca796f469f,José Luis Ayllón,"Ayllón Manso, José Luis",,jlayllon,joseluisayllon,G.P. Popular,GP,area/madrid,Madrid,Congreso de los Diputados,11,,,https://upload.wikimedia.org/wikipedia/commons/8/87/Jose_Luis_Ayllón_2.jpg,male
b08b0e94-c834-4b52-828f-89e087a960eb,José Luis Martínez González,"Martínez González, José Luis",joseluis.martinez@congreso.es,JoseLM_Aguilas,,G.P. Ciudadanos,GCs,area/murcia,Murcia,Congreso de los Diputados,11,,,http://www.congreso.es/wc/htdocs/web/img/diputados/238_11.jpg,male
a0432c34-56c6-42b3-bb99-eaea83f19976,José Luis Ábalos,"Ábalos Meco, José Luis",abalos@congreso.es,abalosmeco,jose.l.meco,G.P. Socialista,GS,area/valencia,Valencia,Congreso de los Diputados,11,,,http://www.congreso.es/wc/htdocs/web/img/diputados/162_11.jpg,male
af3bf45e-88c8-4dd3-8e4f-dec405fd44c9,José Manuel García-Margallo y Marfil,"García-Margallo y Marfil, José Manuel",jose.margallo@congreso.es,,,G.P. Popular,GP,area/alicante,Alicante,Congreso de los Diputados,11,,,http://www.congreso.es/wc/htdocs/web/img/diputados/44_11.jpg,male
9d9cfe51-278c-46c2-9b0b-fbf3a21c64f4,José Manuel Girela,"Girela de la Fuente, José Manuel",jmgirela@gmail.com,JoseMGirela,,G.P. Socialista,GS,area/sevilla,Sevilla,Congreso de los Diputados,11,,,http://www.congreso.es/wc/htdocs/web/img/diputados/298_11.jpg,male
9a9219b3-4b03-4790-83e1-7acd19795c28,José Manuel Soria,"Soria López, José Manuel",jose.soria@congreso.es,jmsoria,,G.P. Popular,GP,area/las_palmas,Las Palmas,Congreso de los Diputados,11,,,https://upload.wikimedia.org/wikipedia/commons/f/f4/José_Manuel_Soria_2015_(cropped).jpg,male
fa6182b3-3910-4dc3-8d12-07fe6438a4a3,José Manuel Villegas Pérez,"Villegas Pérez, José Manuel",josemanuel.villegas@congreso.es,CiudadanoVille,,G.P. Ciudadanos,GCs,area/barcelona,Barcelona,Congreso de los Diputados,11,,,http://www.congreso.es/wc/htdocs/web/img/diputados/234_11.jpg,male
101b7617-ffeb-4c53-ae55-e25e2dbd2c2c,José María Barreda,"Barreda Fontes, José María",jose.barreda@congreso.es,Josebarreda,,G.P. Socialista,GS,area/ciudad_real,Ciudad Real,Congreso de los Diputados,11,,,https://upload.wikimedia.org/wikipedia/commons/1/15/JoseMariaBarreda.jpg,male
a7fba88a-0fc8-450f-a7c2-e59c2abdde7a,José María Barrios Tejero,"Barrios Tejero, José María",josemaria.barrios@congreso.es jmbarrios1962@gmail.com,,,G.P. Popular,GP,area/zamora,Zamora,Congreso de los Diputados,11,,,http://www.congreso.es/wc/htdocs/web/img/diputados/37_11.jpg,male
e5a2f14a-7c29-40e9-a953-95356996d4c3,José María Chiquillo Barber,"Chiquillo Barber, José María",chiquillo.barber@congreso.es chiquillocamps@telefonica.net,ChiquilloBarber,chiquillobarber,G.P. Popular,GP,area/valencia,Valencia,Congreso de los Diputados,11,,,http://www.congreso.es/wc/htdocs/web/img/diputados/163_11.jpg,male
af0855cc-bf62-4199-b508-01323698729c,José María Eiros Bouza,"Eiros Bouza, José María",,,,G.P. Popular,GP,area/valladolid,Valladolid,Congreso de los Diputados,11,,,http://www.congreso.es/wc/htdocs/web/img/diputados/63_11.jpg,male
ffa55a25-164e-49c1-b54a-fcb63a555cdd,José María García Urbano,"García Urbano, José María",jm.garciaurbano@congreso.es,JMGarciaUrbano,,G.P. Popular,GP,area/málaga,Málaga,Congreso de los Diputados,11,,,http://www.congreso.es/wc/htdocs/web/img/diputados/339_11.jpg,male
a6b94319-de15-48ff-92e2-fd9aa57a7f2a,José María Lassalle,"Lassalle Ruiz, José María",,,,G.P. Popular,GP,area/cantabria,Cantabria,Congreso de los Diputados,11,,,https://upload.wikimedia.org/wikipedia/commons/5/57/14_Premio_Corral_de_Comedias_a_Julia_Gutiérrez_Caba_(30).jpg,male
469654b7-a886-437c-b5d0-fb1788ff87e2,José Miguel Camacho Sánchez,"Camacho Sánchez, José Miguel",jmiguel.camacho@congreso.es,JoseMiguelCama1,josemiguel.camachosanchez.7,G.P. Socialista,GS,area/toledo,Toledo,Congreso de los Diputados,11,,,http://www.congreso.es/wc/htdocs/web/img/diputados/201_11.jpg,male
02b8c24f-29f1-4200-beff-342246f35544,José Ramón García,"García Hernández, José Ramón",,,,G.P. Popular,GP,area/Ávila,Ávila,Congreso de los Diputados,11,,,http://www.congreso.es/wc/htdocs/web/img/diputados/310_11.jpg,male
9cd40c59-3ae0-44a2-a0d1-747f8a2c3028,José Ramón García Cañal,"García Cañal, José Ramón",ramon.canal@congreso.es,,,G.P. Popular,GP,area/asturias,Asturias,Congreso de los Diputados,11,,,http://www.congreso.es/wc/htdocs/web/img/diputados/113_11.jpg,male
237bfba6-8ef6-4fc7-af36-b72cde3e72d1,José Vicente Marí Bosó,"Marí Bosó, José Vicente",,JVMariBoso,,G.P. Popular,GP,area/illes_balears,Illes Balears,Congreso de los Diputados,11,,,http://www.congreso.es/wc/htdocs/web/img/diputados/141_11.jpg,male
c79a644d-6855-42a2-894f-bd4fee3eb457,José Zaragoza,"Zaragoza Alonso, José",,,jose.zaragoza.376043,G.P. Socialista,GS,area/barcelona,Barcelona,Congreso de los Diputados,11,,,http://www.congreso.es/wc/htdocs/web/img/diputados/218_11.jpg,male
1a5f4aa8-f5b0-441c-8020-8b7c383e5fa1,Juan Antonio Delgado Ramos,"Delgado Ramos, Juan Antonio",juanantonio.delgado@congreso.es,JA_DelgadoRamos,,G.P. Podemos-En Comú Podem-En Marea,GP-EC-EM,area/cádiz,Cádiz,Congreso de los Diputados,11,,,http://www.congreso.es/wc/htdocs/web/img/diputados/82_11.jpg,male
f40354e1-ae19-4b13-9889-70343830a08b,Juan Antonio López de Uralde Garmendia,"López de Uralde Garmendia, Juan Antonio",juantxo.uralde@congreso.es,juralde,juan.lopezdeuralde,G.P. Podemos-En Comú Podem-En Marea,GP-EC-EM,area/araba/Álava,Araba/Álava,Congreso de los Diputados,11,,,http://www.congreso.es/wc/htdocs/web/img/diputados/48_11.jpg,male
9a32e461-3aa6-48f0-9c38-e6a970e2fc1c,Juan Bravo Baena,"Bravo Baena, Juan",juan.bravo@congreso.es,juanBravoBaena,juan.bravobaena,G.P. Popular,GP,area/ceuta,Ceuta,Congreso de los Diputados,11,,,http://www.congreso.es/wc/htdocs/web/img/diputados/46_11.jpg,male
1ff86814-802b-477e-8573-6cc9374a16e1,Juan Carlos Campo Moreno,"Campo Moreno, Juan Carlos",jc.campo@congreso.es,,,G.P. Socialista,GS,area/cádiz,Cádiz,Congreso de los Diputados,11,,,http://www.congreso.es/wc/htdocs/web/img/diputados/126_11.jpg,male
24fe1df8-fa7f-4bac-acc9-ce94ecabf9ba,Juan Carlos Girauta Vidal,"Girauta Vidal, Juan Carlos",girauta@congreso.es,GirautaOficial,,G.P. Ciudadanos,GCs,area/barcelona,Barcelona,Congreso de los Diputados,11,,,http://www.congreso.es/wc/htdocs/web/img/diputados/228_11.jpg,male
bf1c4398-de70-47a0-8adf-9ad2d81da480,Juan Carlos Vera,"Vera Pró, Juan Carlos",,,,G.P. Popular,GP,area/madrid,Madrid,Congreso de los Diputados,11,,,http://www.congreso.es/wc/htdocs/web/img/diputados/151_11.jpg,male
d0321bfa-0c33-471c-a910-b3a43cebcc04,Juan Ignacio Zoido Álvarez,"Zoido Álvarez, Juan Ignacio",,zoidoalcalde,,G.P. Popular,GP,area/sevilla,Sevilla,Congreso de los Diputados,11,,,http://www.congreso.es/wc/htdocs/web/img/diputados/58_11.jpg,male
023da619-fe71-4e7c-a171-2ea12e450e97,Juan Jiménez Tortosa,"Jiménez Tortosa, Juan",juan.jimenez@congreso.es,juanjimenezt,,G.P. Socialista,GS,area/almería,Almería,Congreso de los Diputados,11,,,http://www.congreso.es/wc/htdocs/web/img/diputados/318_11.jpg,male
eaedf678-8753-4118-9123-18d77cc5a7f7,Juan José Matarí,"Matarí Sáez, Juan José",jmatari@congreso.es,,,G.P. Popular,GP,area/almería,Almería,Congreso de los Diputados,11,,,http://www.congreso.es/wc/htdocs/web/img/diputados/59_11.jpg,male
1d2cc094-5fa3-42c9-99ee-7fed17c09bb3,Juan Luis Gordo,"Gordo Pérez, Juan Luis",juanluisgordo@congreso.es,juanluisgordo,juanluisgordo,G.P. Socialista,GS,area/segovia,Segovia,Congreso de los Diputados,11,,,https://upload.wikimedia.org/wikipedia/commons/4/4d/Juan_Luis_Gordo.jpg,male
1e1c39ea-d33c-48af-a9a0-ecf0a3407876,Juan Manuel Del Olmo Ibáñez,"Del Olmo Ibáñez, Juan Manuel",jmolmo@podemos.info,juanmalpr,,G.P. Podemos-En Comú Podem-En Marea,GP-EC-EM,area/valladolid,Valladolid,Congreso de los Diputados,11,,,http://www.congreso.es/wc/htdocs/web/img/diputados/72_11.jpg,male
f0351b4a-faf9-4280-9ce5-75e50eb4f96a,Juan Manuel Juncal Rodríguez,"Juncal Rodríguez, Juan Manuel",juan.juncal@congreso.es juanjuncal@juanjuncal.com,,,G.P. Popular,GP,area/a_coruña,A Coruña,Congreso de los Diputados,11,,,http://www.congreso.es/wc/htdocs/web/img/diputados/111_11.jpg,male
7065c4f5-7e56-4922-8aff-bda1911013ac,Juan María Vázquez Rojas,"Vázquez Rojas, Juan María",juanmaria.vazquez@congreso.es,JMVRUM,,G.P. Popular,GP,area/murcia,Murcia,Congreso de los Diputados,11,,,http://www.congreso.es/wc/htdocs/web/img/diputados/30_11.jpg,male
12ad07c5-873b-48a6-87d0-4b71cfa2f0c0,Juan Pedro Yllanes Suárez,"Yllanes Suárez, Juan Pedro",juanpedro.yllanes@congreso.es,jpyllanes,,G.P. Podemos-En Comú Podem-En Marea,GP-EC-EM,area/illes_balears,Illes Balears,Congreso de los Diputados,11,,,http://www.congreso.es/wc/htdocs/web/img/diputados/87_11.jpg,male
536df8ef-e4ce-4506-954b-958343495189,Juan Vicente Pérez Aras,"Pérez Aras, Juan Vicente",juanvicente.perez@congreso.es juanvicenteperezaras@gmail.com juanvippcv@yahoo.es,juanviperezaras,juanvicente.perezaras,G.P. Popular,GP,area/valencia,Valencia,Congreso de los Diputados,11,,,http://www.congreso.es/wc/htdocs/web/img/diputados/167_11.jpg,male
d219f1fe-0c9e-4512-9516-42390cecf475,Juana Amalia Rodríguez Hernández,"Rodríguez Hernández, Juana Amalia",,,,G.P. Socialista,GS,area/sevilla,Sevilla,Congreso de los Diputados,11,,,http://www.congreso.es/wc/htdocs/web/img/diputados/317_11.jpg,female
1349312d-3f27-4c6a-837f-b4273600b618,Julián López Milla,"López Milla, Julián",julian.lopez@congreso.es,JuLMilla,,G.P. Socialista,GS,area/alicante,Alicante,Congreso de los Diputados,11,,,http://www.congreso.es/wc/htdocs/web/img/diputados/206_11.jpg,male
6b431e2d-709b-4332-a2ed-273a85c91125,Leopoldo Barreda,"Barreda de los Ríos, Leopoldo",leopoldo.barreda@congreso.es,,,G.P. Popular,GP,area/bizkaia,Bizkaia,Congreso de los Diputados,11,,,http://www.congreso.es/wc/htdocs/web/img/diputados/315_11.jpg,male
f5173d47-1dd9-4e5b-b1df-615af9d937d2,Loreto Cascales Martínez,"Cascales Martínez, Loreto",,LoraCascales,,G.P. Popular,GP,area/alicante,Alicante,Congreso de los Diputados,11,,,http://www.congreso.es/wc/htdocs/web/img/diputados/200_11.jpg,female
bc1025e8-ffac-421e-86f0-76d5c090b13c,Lourdes Ciuró,"Ciuró i Buldó, Lourdes",lourdes.ciuro@congreso.es,lciuro,lourdes.ciuro,G.P. Catalán,DL,area/barcelona,Barcelona,Congreso de los Diputados,11,,,https://upload.wikimedia.org/wikipedia/commons/a/a5/Lourdes_Ciuró_cropped.jpg,female
62c45dc0-b3e0-422a-8c5e-4dc8bce03e04,Lucía Martín González,"Martín González, Lucía",lucia.martin@congreso.es,Lucia___M,,G.P. Podemos-En Comú Podem-En Marea,GP-EC-EM,area/barcelona,Barcelona,Congreso de los Diputados,11,,,http://www.congreso.es/wc/htdocs/web/img/diputados/131_11.jpg,female
944c3b51-125c-4ba5-8555-99d0ac71efc1,Luis Carlos Sahuquillo,"Sahuquillo García, Luis Carlos",lcsahuquillo@congreso.es,lcsahuquillo,,G.P. Socialista,GS,area/cuenca,Cuenca,Congreso de los Diputados,11,,,http://www.congreso.es/wc/htdocs/web/img/diputados/8_11.jpg,male
982392b9-bf53-42f8-83df-74abb5ef7507,Luis Miguel Salvador García,"Salvador García, Luis Miguel",luissalvador@congreso.es luissalvador.congreso@gmail.com,LuisSalvador,,G.P. Ciudadanos,GCs,area/granada,Granada,Congreso de los Diputados,11,,,http://www.congreso.es/wc/htdocs/web/img/diputados/66_11.jpg,male
847f6bfd-b163-40c8-b96e-fdc16dac1585,Lídia Guinart Moreno,"Guinart Moreno, Lídia",lidiaguinart@congreso.es,lidiaguinart,,G.P. Socialista,GS,area/barcelona,Barcelona,Congreso de los Diputados,11,,,http://www.congreso.es/wc/htdocs/web/img/diputados/182_11.jpg,female
0a1f7712-17b3-4a8b-9b83-637c0004a6eb,Manuel Blasco Marqués,"Blasco Marqués, Manuel",manuel.blasco@congreso.es,,,G.P. Popular,GP,area/teruel,Teruel,Congreso de los Diputados,11,,,http://www.congreso.es/wc/htdocs/web/img/diputados/275_11.jpg,male
8d94f1a9-9701-4bee-adf0-8491c9c3ec6b,Manuel Gabriel González,"González Ramos, Manuel Gabriel",manuel.gonzalez@congreso.es,,,G.P. Socialista,GS,area/albacete,Albacete,Congreso de los Diputados,11,,,http://www.congreso.es/wc/htdocs/web/img/diputados/266_11.jpg,male
1f2ee1ee-476a-4de5-b843-94bcf6f28b9b,Marc Lamuà Estañol,"Lamuà Estañol, Marc",marc.lamua@congreso.es,MarcLamua,marc.estanol,G.P. Socialista,GS,area/girona,Girona,Congreso de los Diputados,11,,,http://www.congreso.es/wc/htdocs/web/img/diputados/305_11.jpg,male
6590adf2-76b1-4c18-8674-143a7a23cd6e,Marcelo Expósito Prieto,"Expósito Prieto, Marcelo",marcelo.exposito@congreso.es,mrenau,,G.P. Podemos-En Comú Podem-En Marea,GP-EC-EM,area/barcelona,Barcelona,Congreso de los Diputados,11,,,http://www.congreso.es/wc/htdocs/web/img/diputados/107_11.jpg,male
8d84926c-7c7f-47fc-b9d6-6def2cebdcae,Marcial Gómez Balsera,"Gómez Balsera, Marcial",marcialgomez@congreso.es marcialgomez.congreso@gmail.com,MarcialGoBal,,G.P. Ciudadanos,GCs,area/córdoba,Córdoba,Congreso de los Diputados,11,,,http://www.congreso.es/wc/htdocs/web/img/diputados/69_11.jpg,male
21c25ac2-893b-4c88-8907-5a51593c4fc2,Margarita Pérez,"Pérez Herraiz, Margarita",margarita.perez@congreso.es,,,G.P. Socialista,GS,area/lugo,Lugo,Congreso de los Diputados,11,,,http://www.congreso.es/wc/htdocs/web/img/diputados/38_11.jpg,female
f0feefa2-663f-4252-8848-3d439ab9eca4,Marian Beitialarrangoitia Lizarralde,"Beitialarrangoitia Lizarralde, Marian",beitialarrangoitia@congreso.es,marianbeitia,,G.P. Mixto,GMx,area/gipuzkoa,Gipuzkoa,Congreso de los Diputados,11,,,http://www.congreso.es/wc/htdocs/web/img/diputados/335_11.jpg,female
6bf4d593-fc25-4d82-958e-954c21d1efdb,Mariano Rajoy,"Rajoy Brey, Mariano",,marianorajoy,marianorajoy,G.P. Popular,GP,area/madrid,Madrid,Congreso de los Diputados,11,,,https://upload.wikimedia.org/wikipedia/commons/e/eb/Mariano_Rajoy_2015_(cropped).jpg,male
4d1c28c1-b3ca-4c61-9244-91126c6fea35,Marta Domínguez Álvarez,"Domínguez Álvarez, Marta",marta.dominguez@congreso.es,martadzalz,,G.P. Podemos-En Comú Podem-En Marea,GP-EC-EM,area/córdoba,Córdoba,Congreso de los Diputados,11,,,http://www.congreso.es/wc/htdocs/web/img/diputados/77_11.jpg,female
bb8b3468-016c-4b8c-9906-a7ce148f20d6,Marta González,"González Vázquez, Marta",marta.gonzalez@congreso.es,,,G.P. Popular,GP,area/a_coruña,A Coruña,Congreso de los Diputados,11,,,http://www.congreso.es/wc/htdocs/web/img/diputados/115_11.jpg,female
b8c9fced-71be-4f50-aa56-622d67b034dc,Marta Martín Llaguno,"Martín Llaguno, Marta",marta.martin@congreso.es,martamartirio,,G.P. Ciudadanos,GCs,area/alicante,Alicante,Congreso de los Diputados,11,,,http://www.congreso.es/wc/htdocs/web/img/diputados/232_11.jpg,female
6a582345-b09b-4031-895c-bf7c976f55d7,Marta María Rivera de la Cruz,"Rivera de la Cruz, Marta María",marta.rivera@congreso.es,MartaRiveraCruz,,G.P. Ciudadanos,GCs,area/madrid,Madrid,Congreso de los Diputados,11,,,http://www.congreso.es/wc/htdocs/web/img/diputados/231_11.jpg,female
90358af0-025f-4674-b93e-c356b40dd5eb,Marta Sibina Camps,"Sibina Camps, Marta",marta.sibina@congreso.es,Marta_Sibina,martasibina,G.P. Podemos-En Comú Podem-En Marea,GP-EC-EM,area/barcelona,Barcelona,Congreso de los Diputados,11,,,http://www.congreso.es/wc/htdocs/web/img/diputados/132_11.jpg,female
ae71a5e6-8456-48b4-97ac-96379f98cfc1,Marta Sorlí Fresquet,"Sorlí Fresquet, Marta",marta.sorli@congreso.es,casanyeta,Marta-Sorl%C3%AD-148074292227465,G.P. Mixto,GMx,area/castellón,Castellón,Congreso de los Diputados,11,,,http://www.congreso.es/wc/htdocs/web/img/diputados/282_11.jpg,female
f078ef5f-c9e3-4bef-bb8e-deacfaed9c80,María Ascensión Carreño,"Carreño Fernández, María Ascensión",maria.carreno@congreso.es,,ascension.carreno,G.P. Popular,GP,area/murcia,Murcia,Congreso de los Diputados,11,,,http://www.congreso.es/wc/htdocs/web/img/diputados/110_11.jpg,female
37da9f8c-9a32-442d-b927-7e66df0eec50,María Asunción Jacoba Pía De la Concha García-Mauriño,"De la Concha García-Mauriño, María Asunción Jacoba Pía",,,,G.P. Podemos-En Comú Podem-En Marea,GP-EC-EM,area/illes_balears,Illes Balears,Congreso de los Diputados,11,,,http://www.congreso.es/wc/htdocs/web/img/diputados/89_11.jpg,female
1135d7ba-0cbc-4140-b1b6-b5b7b6dcea98,María Aurora Flórez Rodríguez,"Flórez Rodríguez, María Aurora",aurora.florez@congreso.es,M_Aurora_Florez,,G.P. Socialista,GS,area/león,León,Congreso de los Diputados,11,,,http://www.congreso.es/wc/htdocs/web/img/diputados/152_11.jpg,female
598fa485-7305-44a1-ae90-b7a088a2e4ec,María Auxiliadora Honorato Chulián,"Honorato Chulián, María Auxiliadora",auxiliadora.honorato@congreso.es,auxihonorato,,G.P. Podemos-En Comú Podem-En Marea,GP-EC-EM,area/sevilla,Sevilla,Congreso de los Diputados,11,,,http://www.congreso.es/wc/htdocs/web/img/diputados/84_11.jpg,female
2eb41f9d-e071-4105-8898-70e6aad8dc1b,María Belén Guerra Mansito,"Guerra Mansito, María Belén",belen.guerra@congreso.es,belen_guerra,belen.guerra.330,G.P. Podemos-En Comú Podem-En Marea,GP-EC-EM,area/madrid,Madrid,Congreso de los Diputados,11,,,http://www.congreso.es/wc/htdocs/web/img/diputados/214_11.jpg,female
c763102a-b37c-44fb-8709-84ea1fed2c2d,María Dolores De Cospedal García,"De Cospedal García, María Dolores",mdc@congreso.es,mdcospedal,MDCospedal,G.P. Popular,GP,area/toledo,Toledo,Congreso de los Diputados,11,,,http://www.congreso.es/wc/htdocs/web/img/diputados/226_11.jpg,female
15ec13e5-8f18-4c69-bdab-9651d0b6ea5b,María Dolores Galovart Carrera,"Galovart Carrera, María Dolores",lola.galovart@congreso.es,,,G.P. Socialista,GS,area/pontevedra,Pontevedra,Congreso de los Diputados,11,,,http://www.congreso.es/wc/htdocs/web/img/diputados/242_11.jpg,female
2ad01704-c76f-47ad-b327-4d98b7d1e03c,María Dolores Marcos Moyano,"Marcos Moyano, María Dolores",loli.marcos@congreso.es,LoliMarcos,,G.P. Popular,GP,area/cáceres,Cáceres,Congreso de los Diputados,11,,,http://www.congreso.es/wc/htdocs/web/img/diputados/40_11.jpg,female
e003db3e-0269-436d-8b5d-857a9a0bf454,María Elena Álvarez Simón,"Álvarez Simón, María Elena",elena.alvarez@congreso.es,elenaalvsimon,,G.P. Popular,GP,area/santa_cruz_de_tenerife,Santa Cruz de Tenerife,Congreso de los Diputados,11,,,http://www.congreso.es/wc/htdocs/web/img/diputados/343_11.jpg,female
881596ec-1fbe-4dc7-baaa-b58df71bef1f,María Eugenia Romero,"Romero Rodríguez, María Eugenia",maria.romero@congreso.es,,,G.P. Popular,GP,area/sevilla,Sevilla,Congreso de los Diputados,11,,,http://www.congreso.es/wc/htdocs/web/img/diputados/99_11.jpg,female
4463353d-4d25-4d83-8188-da613a4fcb07,María Fátima Báñez,"Báñez García, María Fátima",fatima.banez@congreso.es,,,G.P. Popular,GP,area/huelva,Huelva,Congreso de los Diputados,11,,,https://upload.wikimedia.org/wikipedia/commons/6/68/Fatima_Bañez.JPG,female
a058fad8-f089-4210-bfdb-13cb1a83f0f4,María Gloria Elizo Serrano,"Elizo Serrano, María Gloria",,gloriaelizo,gloria.elizoserrano,G.P. Podemos-En Comú Podem-En Marea,GP-EC-EM,area/toledo,Toledo,Congreso de los Diputados,11,,,http://www.congreso.es/wc/htdocs/web/img/diputados/41_11.jpg,female
2ed69861-338f-410a-8820-5435fc0f543e,María González,"González Veracruz, María",mariagv@congreso.es,,mariagonzalezveracruz,G.P. Socialista,GS,area/murcia,Murcia,Congreso de los Diputados,11,,,https://upload.wikimedia.org/wikipedia/commons/2/27/María_González_Veracruz_2013_(cropped).jpg,female
93ccc989-26c3-43d0-9d7e-fe113f37eae6,María Guadalupe Martín,"Martín González, María Guadalupe",guadalupem@congreso.es,Guadalupem1960,Guadalupem1960,G.P. Socialista,GS,area/toledo,Toledo,Congreso de los Diputados,11,,,http://www.congreso.es/wc/htdocs/web/img/diputados/202_11.jpg,female
11d46f68-ffac-4f2f-8d95-0326cde57c11,María Isabel Medina Suárez,"Medina Suárez, María Isabel",isabel.medina@congreso.es,,100008471355359,G.P. Podemos-En Comú Podem-En Marea,GP-EC-EM,area/málaga,Málaga,Congreso de los Diputados,11,,,http://www.congreso.es/wc/htdocs/web/img/diputados/81_11.jpg,female
46c92198-f92e-4719-9641-d4a267ca71a1,María Jesús Bonilla,"Bonilla Domínguez, María Jesús",mjbonilla@congreso.es,,,G.P. Popular,GP,area/cuenca,Cuenca,Congreso de los Diputados,11,,,http://www.congreso.es/wc/htdocs/web/img/diputados/34_11.jpg,female
19623d1a-5def-4b6e-bcc3-608e4d27f5b4,María Jesús Moro,"Moro Almaraz, María Jesús",,,,G.P. Popular,GP,area/salamanca,Salamanca,Congreso de los Diputados,11,,,http://www.congreso.es/wc/htdocs/web/img/diputados/11_11.jpg,female
83efadfd-13b3-4d3e-b34c-962bb37786ed,María Jesús Serrano Jiménez,"Serrano Jiménez, María Jesús",mjesus.serrano@congreso.es,Mjesusserranoj,mj.serranojimenez,G.P. Socialista,GS,area/córdoba,Córdoba,Congreso de los Diputados,11,,,http://www.congreso.es/wc/htdocs/web/img/diputados/137_11.jpg,female
003dfc68-8719-404b-98de-dc0f98d7a53a,María José García-Pelayo Jurado,"García-Pelayo Jurado, María José",mj.garciapelayo@congreso.es,,,G.P. Popular,GP,area/cádiz,Cádiz,Congreso de los Diputados,11,,,http://www.congreso.es/wc/htdocs/web/img/diputados/32_11.jpg,female
adc29b53-c852-4ee8-9657-95097b3fbd11,María Luz Bajo,"Bajo Prieto, María Luz",,,belen.bajo,G.P. Popular,GP,area/madrid,Madrid,Congreso de los Diputados,11,,,http://www.congreso.es/wc/htdocs/web/img/diputados/217_11.jpg,female
5d75cbd3-af40-461a-ac85-3fcf265fc40c,María Luz Martínez Seijo,"Martínez Seijo, María Luz",luz.martinez@congreso.es,luzseijo,maria.martinezseijo,G.P. Socialista,GS,area/palencia,Palencia,Congreso de los Diputados,11,,,http://www.congreso.es/wc/htdocs/web/img/diputados/109_11.jpg,female
0ba3c0dd-a00a-460b-89ad-91923cf33dea,María Luz Rodríguez Fernández,"Rodríguez Fernández, María Luz",luz.rodriguez@congreso.es,LuzPSOE,,G.P. Socialista,GS,area/guadalajara,Guadalajara,Congreso de los Diputados,11,,,http://www.congreso.es/wc/htdocs/web/img/diputados/105_11.jpg,female
a202fb5e-e9e9-4ed8-aeaa-e4b27d7e9478,María Mercè Perea i Conillas,"Perea i Conillas, María Mercè",mperea@congreso.es,merceperea,merce.perea2,G.P. Socialista,GS,area/barcelona,Barcelona,Congreso de los Diputados,11,,,http://www.congreso.es/wc/htdocs/web/img/diputados/269_11.jpg,female
6874fda6-4f38-44dc-bb8b-a94741259b20,María Pilar Ardanza Uribarren,"Ardanza Uribarren, María Pilar",pilar.ardanza@congreso.es,,,G.P. Vasco,EAJ-PNV,area/bizkaia,Bizkaia,Congreso de los Diputados,11,,,http://www.congreso.es/wc/htdocs/web/img/diputados/117_11.jpg,female
0211b986-0b33-42e9-aa10-a4780cea39f2,María Pilar Lucio,"Lucio Carrasco, María Pilar",pilar.lucio@congreso.es,lucio_pilar,,G.P. Socialista,GS,area/cáceres,Cáceres,Congreso de los Diputados,11,,,https://upload.wikimedia.org/wikipedia/commons/a/a8/Pilar_Lucio_2012_(cropped).jpg,female
82f57b71-6a3c-4212-96ac-3cbec2c12a1e,María Rosa Martínez Rodríguez,"Martínez Rodríguez, María Rosa",rosa.martinez@congreso.es,rosam_equo,RosaMartinezEquo,G.P. Podemos-En Comú Podem-En Marea,GP-EC-EM,area/bizkaia,Bizkaia,Congreso de los Diputados,11,,,http://www.congreso.es/wc/htdocs/web/img/diputados/56_11.jpg,female
d70bc377-8304-4f54-8b22-a2edfcdb3048,María Sandra Moneo,"Moneo Díez, María Sandra",,,,G.P. Popular,GP,area/burgos,Burgos,Congreso de los Diputados,11,,,http://www.congreso.es/wc/htdocs/web/img/diputados/291_11.jpg,female
42713d0c-cfd6-4c3f-bbb6-6589fadd3cce,María Soledad Pérez,"Pérez Domínguez, María Soledad",maria.perez@congreso.es,,,G.P. Socialista,GS,area/badajoz,Badajoz,Congreso de los Diputados,11,,,http://www.congreso.es/wc/htdocs/web/img/diputados/170_11.jpg,female
850c4c82-54fc-4ab9-99a4-e52d1383e2af,María Soraya Rodríguez,"Rodríguez Ramos, María Soraya",soraya.rodriguez@congreso.es,,,G.P. Socialista,GS,area/valladolid,Valladolid,Congreso de los Diputados,11,,,https://upload.wikimedia.org/wikipedia/commons/b/b7/Soraya_Rodríguez_-_Seminci_2011.jpg,female
6d148b88-0bac-4f35-9ad9-f403dc5ed7c7,María Soraya Sáenz,"Sáenz de Santamaría Antón, María Soraya",,Sorayapp,sorayasaenzdesantamaria,G.P. Popular,GP,area/madrid,Madrid,Congreso de los Diputados,11,,,https://upload.wikimedia.org/wikipedia/commons/c/c1/Soraya_Sáenz_de_Santamaría_en_la_convención_de_autónomos_del_PP_de_Andalucía_(febrero_de_2011).jpg,female
ce11027f-7cc1-4edf-958a-5921d8078d7d,María Such Palomares,"Such Palomares, María",mariasuch@congreso.es,SuchMaria,maria.suchpalomares,G.P. Socialista,GS,area/valencia,Valencia,Congreso de los Diputados,11,,,http://www.congreso.es/wc/htdocs/web/img/diputados/161_11.jpg,female
8dd4d064-53bf-48b3-bffc-7e524b5eee85,María Tamara Raya Rodríguez,"Raya Rodríguez, María Tamara",tamara.raya@congreso.es,tamarayar,,G.P. Socialista,GS,area/santa_cruz_de_tenerife,Santa Cruz de Tenerife,Congreso de los Diputados,11,,,http://www.congreso.es/wc/htdocs/web/img/diputados/332_11.jpg,female
aaa6347f-d74b-4f4d-aa29-784750109e7b,María Teresa Angulo,"Angulo Romero, María Teresa",,,teresa.anguloromero,G.P. Popular,GP,area/badajoz,Badajoz,Congreso de los Diputados,11,,,http://www.congreso.es/wc/htdocs/web/img/diputados/299_11.jpg,female
92b6ba35-09c6-41d7-aa32-3a9adfa20cd0,María Teresa de Lara,"Lara Carbó, María Teresa de",maria.lara@congreso.es,,,G.P. Popular,GP,area/madrid,Madrid,Congreso de los Diputados,11,,,http://www.congreso.es/wc/htdocs/web/img/diputados/221_11.jpg,female
09d95128-9ebf-44c3-b524-72dc15a49ac7,María Victoria Rosell Aguilar,"Rosell Aguilar, María Victoria",victoria.rosell@congreso.es,VickyRosell,,G.P. Podemos-En Comú Podem-En Marea,GP-EC-EM,area/las_palmas,Las Palmas,Congreso de los Diputados,11,,,http://www.congreso.es/wc/htdocs/web/img/diputados/95_11.jpg,female
24c1a594-860f-4ab8-a912-cdba1cea4d2c,María Virginia Millán Salmerón,"Millán Salmerón, María Virginia",virginia.salmeron@congreso.es,Vickisalmeron,virginia.m.salmeron.cs,G.P. Ciudadanos,GCs,area/sevilla,Sevilla,Congreso de los Diputados,11,,,http://www.congreso.es/wc/htdocs/web/img/diputados/220_11.jpg,female
3b985551-1635-430b-90d3-0edaff01bc8a,María de la Concepción de Santa,"Santa Ana Fernández, María de la Concepción de",,,,G.P. Popular,GP,area/granada,Granada,Congreso de los Diputados,11,,,http://www.congreso.es/wc/htdocs/web/img/diputados/52_11.jpg,female
e162c782-8d9c-4421-ac52-d080ff0ef81b,María de la Paz Del Moral Milla,"Del Moral Milla, María de la Paz",maripaz.delmoral@congreso.es,paz_moral,,G.P. Socialista,GS,area/jaén,Jaén,Congreso de los Diputados,11,,,http://www.congreso.es/wc/htdocs/web/img/diputados/13_11.jpg,female
ee75cdda-d601-419e-8574-dd322628aa7f,María del Carmen Dueñas Martínez,"Dueñas Martínez, María del Carmen",,mcduenas,,G.P. Popular,GP,area/melilla,Melilla,Congreso de los Diputados,11,,,http://www.congreso.es/wc/htdocs/web/img/diputados/211_11.jpg,female
429025b8-2712-412c-8339-9ba51abcd99e,María del Carmen González Guinda,"González Guinda, María del Carmen",carmen.gonzalez@congreso.es,CarmenGGuinda,,G.P. Popular,GP,area/león,León,Congreso de los Diputados,11,,,http://www.congreso.es/wc/htdocs/web/img/diputados/27_11.jpg,female
d8bd5a40-f837-4769-b2b1-c7bbb2bd75d6,María del Carmen Pita Cárdenes,"Pita Cárdenes, María del Carmen",meri.pita@congreso.es,meripita44,,G.P. Podemos-En Comú Podem-En Marea,GP-EC-EM,area/las_palmas,Las Palmas,Congreso de los Diputados,11,,,http://www.congreso.es/wc/htdocs/web/img/diputados/73_11.jpg,female
700bc980-c973-439e-beb5-481a3345d2e8,María del Carmen Quintanilla,"Quintanilla Barba, María del Carmen",carmen.quintanilla@congreso.es,,carmen.q.barba,G.P. Popular,GP,area/ciudad_real,Ciudad Real,Congreso de los Diputados,11,,,http://www.congreso.es/wc/htdocs/web/img/diputados/157_11.jpg,female
8ff06c21-2cc4-45e5-aa7c-7d0a866af0e2,María del Carmen Álvarez-Arenas,"Álvarez-Arenas Cisneros, María del Carmen",,,,G.P. Popular,GP,area/madrid,Madrid,Congreso de los Diputados,11,,,http://www.congreso.es/wc/htdocs/web/img/diputados/222_11.jpg,female
fbd89aac-a9ac-4248-a0c7-c4bd80954e6f,María del Mar García Puig,"García Puig, María del Mar",mar.garciapuig@congreso.es,margpuig,,G.P. Podemos-En Comú Podem-En Marea,GP-EC-EM,area/barcelona,Barcelona,Congreso de los Diputados,11,,,http://www.congreso.es/wc/htdocs/web/img/diputados/125_11.jpg,female
4769aa46-88cd-426e-937a-4676e9008567,María del Mar Rominguera Salazar,"Rominguera Salazar, María del Mar",mar.rominguera@congreso.es,rominguera,,G.P. Socialista,GS,area/zamora,Zamora,Congreso de los Diputados,11,,,http://www.congreso.es/wc/htdocs/web/img/diputados/293_11.jpg,female
e6546d78-a0d9-4388-9bfb-44f81b1934dc,María del Puerto Gallego,"Gallego Arriola, María del Puerto",puerto.gallego@yahoo.es,Puerto_Gallego,,G.P. Socialista,GS,area/cantabria,Cantabria,Congreso de los Diputados,11,,,http://www.congreso.es/wc/htdocs/web/img/diputados/112_11.jpg,female
044dd255-7bbc-440c-afe0-263fc50442a4,María del Rocío De Frutos Madrazo,"De Frutos Madrazo, María del Rocío",,,,G.P. Socialista,GS,area/ourense,Ourense,Congreso de los Diputados,11,,,http://www.congreso.es/wc/htdocs/web/img/diputados/148_11.jpg,female
9325d176-a1b5-400a-bb2c-2b9fab885c3f,Mateo Isern Estela,"Isern Estela, Mateo",mateo.isern@congreso.es,MateoIsern,mateoisern,G.P. Popular,GP,area/illes_balears,Illes Balears,Congreso de los Diputados,11,,,http://www.congreso.es/wc/htdocs/web/img/diputados/333_11.jpg,male
f8659378-d88f-4d0c-9d69-dd00616ea620,Matilde Pastora Asian,"Asian González, Matilde Pastora",,,,G.P. Popular,GP,area/las_palmas,Las Palmas,Congreso de los Diputados,11,,,http://www.congreso.es/wc/htdocs/web/img/diputados/205_11.jpg,female
3e4c00cd-2462-49a8-a5d5-805f312a66d1,Melisa Rodríguez Hernández,"Rodríguez Hernández, Melisa",melisa.rodriguez@congreso.es,mrhciudadanos,mrhciudadanos,G.P. Ciudadanos,GCs,area/santa_cruz_de_tenerife,Santa Cruz de Tenerife,Congreso de los Diputados,11,,,http://www.congreso.es/wc/htdocs/web/img/diputados/229_11.jpg,female
728aaad2-f0f7-4141-98f0-f261b62422a6,Meritxell Batet,"Batet Lamaña, Meritxell",meritxell.batet@congreso.es,AmbBatet,,G.P. Socialista,GS,area/madrid,Madrid,Congreso de los Diputados,11,,,http://www.congreso.es/wc/htdocs/web/img/diputados/174_11.jpg,female
7f522aac-67c6-4fbb-a1c2-56145444689d,Micaela Navarro Garzón,"Navarro Garzón, Micaela",vicesegunda@congreso.es,micaela_navarro,,G.P. Socialista,GS,area/jaén,Jaén,Congreso de los Diputados,11,,,http://www.congreso.es/wc/htdocs/web/img/diputados/116_11.jpg,female
7465951f-3201-4c0e-92b6-873281a54b25,Miguel Anxo Elías Fernández Bello,"Fernández Bello, Miguel Anxo Elías",fernan.vello@congreso.es,FernanVello,,G.P. Podemos-En Comú Podem-En Marea,GP-EC-EM,area/lugo,Lugo,Congreso de los Diputados,11,,,http://www.congreso.es/wc/htdocs/web/img/diputados/271_11.jpg,male
0788ab5c-1b5f-479c-a749-9b137d7aff41,Miguel Barrachina Ros,"Barrachina Ros, Miguel",mbarrachina@congreso.es,barrachinam,miguel.barrachina.ros,G.P. Popular,GP,area/castellón,Castellón,Congreso de los Diputados,11,,,http://www.congreso.es/wc/htdocs/web/img/diputados/42_11.jpg,male
bf4b4238-4fb3-4edf-8350-7fae0c053feb,Miguel Lorenzo Torres,"Lorenzo Torres, Miguel",miguel.lorenzo@congreso.es,,,G.P. Popular,GP,area/a_coruña,A Coruña,Congreso de los Diputados,11,,,http://www.congreso.es/wc/htdocs/web/img/diputados/240_11.jpg,male
cb0bee2d-f289-48e3-85cd-8ab973de6d85,Miguel Vila Gómez,"Vila Gómez, Miguel",miguel.vila@congreso.es,mikele_V,,G.P. Podemos-En Comú Podem-En Marea,GP-EC-EM,area/burgos,Burgos,Congreso de los Diputados,11,,,http://www.congreso.es/wc/htdocs/web/img/diputados/346_11.jpg,male
69ff25f0-1608-42c6-a5a5-1758c2eab9c7,Miguel Ángel Garaulet Rodríguez,"Garaulet Rodríguez, Miguel Ángel",,MiguelGaraulet,,G.P. Ciudadanos,GCs,area/murcia,Murcia,Congreso de los Diputados,11,,,http://www.congreso.es/wc/htdocs/web/img/diputados/237_11.jpg,male
f286af74-ca22-45d0-93e5-2396b0767681,Miguel Ángel Gutiérrez Vivas,"Gutiérrez Vivas, Miguel Ángel",miguel.gutierrez@congreso.es delegadocs.madrid@ciudadanos-cs.org,MGutierrezCs,,G.P. Ciudadanos,GCs,area/madrid,Madrid,Congreso de los Diputados,11,,,http://www.congreso.es/wc/htdocs/web/img/diputados/164_11.jpg,male
3f4177f1-cb45-466c-a383-4b90d6fcdec4,Miguel Ángel Heredia,"Heredia Díaz, Miguel Ángel",miguel.heredia@congreso.es,maherediadiaz,,G.P. Socialista,GS,area/málaga,Málaga,Congreso de los Diputados,11,,,http://www.congreso.es/wc/htdocs/web/img/diputados/6_11.jpg,male
2be22451-656d-4564-aa31-b91776f48230,Miguel Ángel Paniagua Núñez,"Paniagua Núñez, Miguel Ángel",miguela.paniagua@congreso.es,mapaniagua,miguelangel.paniagua.794,G.P. Popular,GP,area/palencia,Palencia,Congreso de los Diputados,11,,,http://www.congreso.es/wc/htdocs/web/img/diputados/209_11.jpg,male
c3b14fce-0540-4b8f-a1cc-9e2002292594,Miguel Ángel Viso Diéguez,"Viso Diéguez, Miguel Ángel",miguel.viso@congreso.es miguelangelviso@yahoo.es,Miguel_Viso,miguelangel.visodieguez,G.P. Popular,GP,area/ourense,Ourense,Congreso de los Diputados,11,,,http://www.congreso.es/wc/htdocs/web/img/diputados/178_11.jpg,male
3ef7f58d-e0a5-4bf1-8fa0-74237a5349a0,Mikel Legarda Uriarte,"Legarda Uriarte, Mikel",,MikelLegarda,,G.P. Vasco,EAJ-PNV,area/araba/Álava,Araba/Álava,Congreso de los Diputados,11,,,http://www.congreso.es/wc/htdocs/web/img/diputados/120_11.jpg,male
0827d752-5dbf-4cac-9dff-f78c10198274,Miriam Alconchel Gonzaga,"Alconchel Gonzaga, Miriam",miriam.alconchel@congreso.es,AlconchelMiriam,miriam.alconchelgonzaga,G.P. Socialista,GS,area/cádiz,Cádiz,Congreso de los Diputados,11,,,http://www.congreso.es/wc/htdocs/web/img/diputados/127_11.jpg,female
92287c10-bc1a-444f-acdc-dd99dd758a47,Miriam Nogueras i Camero,"Nogueras i Camero, Miriam",nogueras@congreso.es,miriamnoguerasM,,G.P. Catalán,DL,area/barcelona,Barcelona,Congreso de los Diputados,11,,,http://www.congreso.es/wc/htdocs/web/img/diputados/312_11.jpg,female
59ba706b-e581-4e0e-ac53-cbd819d4439f,Mª Concepción Bravo,"Bravo Ibáñez, Mª Concepción",,ConchaBravo,concha.bravoibanez,G.P. Popular,GP,area/la_rioja,La Rioja,Congreso de los Diputados,11,,,http://www.congreso.es/wc/htdocs/web/img/diputados/45_11.jpg,female
bf699d21-dee9-4062-ac56-d920ff2aae5d,Mónica Lafuente de la Torre,"Lafuente de la Torre, Mónica",monica.lafuente@congreso.es,monicalafuente,monica.lafuente.14,G.P. Socialista,GS,area/lleida,LLeida,Congreso de los Diputados,11,,,http://www.congreso.es/wc/htdocs/web/img/diputados/216_11.jpg,female
80e4c4f6-0277-4145-819e-41220fc5ec0d,Nayua Miriam Alba Goveli,"Alba Goveli, Nayua Miriam",nagua.alba@congreso.es,NaguaAlba,NaguaAlba,G.P. Podemos-En Comú Podem-En Marea,GP-EC-EM,area/gipuzkoa,Gipuzkoa,Congreso de los Diputados,11,,,http://www.congreso.es/wc/htdocs/web/img/diputados/146_11.jpg,female
ea2fb978-3b90-4be7-84d4-6e075e29bb39,Noelia Vera Ruiz-Herrera,"Vera Ruiz-Herrera, Noelia",noelia.vera@congreso.es,VeraNoelia,veranoelia,G.P. Podemos-En Comú Podem-En Marea,GP-EC-EM,area/cádiz,Cádiz,Congreso de los Diputados,11,,,http://www.congreso.es/wc/htdocs/web/img/diputados/192_11.jpg,female
29685f75-c3cc-4475-b75a-9a097a356363,Odón Elorza,"Elorza González, Odón",odon.elorza@congreso.es,odonelorza2011,odonelorza,G.P. Socialista,GS,area/gipuzkoa,Gipuzkoa,Congreso de los Diputados,11,,,https://upload.wikimedia.org/wikipedia/commons/7/76/Odón_Elorza_ensayando_la_defensa_de_la_candidatura_de_San_Sebastián_para_Capital_Europea_de_la_Cultura_en_el_Centro_cívico_de_Intxaurrondo.jpg,male
74eb12ac-c0f2-4268-8b6b-d806be9f13b8,Onintza Enbeita,"Enbeita Maguregi, Onintza",onintza.enbeita@congreso.es,,,G.P. Mixto,GMx,area/bizkaia,Bizkaia,Congreso de los Diputados,11,,,https://upload.wikimedia.org/wikipedia/commons/8/82/Onintza-Enbeita.jpg,female
31772cfb-d59c-42e9-ac11-f2706b8484f9,Onésimo Eduardo González Martínez,"González Martínez, Onésimo Eduardo",onesimo.gonzalez@congreso.es,onesimoeduardo,,G.P. Ciudadanos,GCs,area/albacete,Albacete,Congreso de los Diputados,11,,,http://www.congreso.es/wc/htdocs/web/img/diputados/252_11.jpg,male
3e8aa9f2-d3c9-4bb0-a7f1-5ed7db84ce94,Orlena María Miguel Muñoz,"Miguel Muñoz, Orlena María",orlena.demiguel@congreso.es,Momosue8,,G.P. Ciudadanos,GCs,area/guadalajara,Guadalajara,Congreso de los Diputados,11,,,http://www.congreso.es/wc/htdocs/web/img/diputados/255_11.jpg,female
94268599-dda6-4cb1-8409-1d919ff88da3,Pablo Bustinduy Amador,"Bustinduy Amador, Pablo",,pbustinduy,,G.P. Podemos-En Comú Podem-En Marea,GP-EC-EM,area/madrid,Madrid,Congreso de los Diputados,11,,,http://www.congreso.es/wc/htdocs/web/img/diputados/263_11.jpg,male
a3fb1857-c27b-4129-bafa-a63b563bcbe2,Pablo Casado,"Casado Blanco, Pablo",pablocasadoblanco@gmail.com,pablocasado_,pablo.casado.blanco,G.P. Popular,GP,area/Ávila,Ávila,Congreso de los Diputados,11,,,https://upload.wikimedia.org/wikipedia/commons/8/83/Pablo_Casado_Blanco.jpg,male
c5ce659b-f755-40c2-9d43-24950bb84eae,Pablo Manuel Iglesias Turrión,"Iglesias Turrión, Pablo Manuel",pablo.iglesias@congreso.es,Pablo_Iglesias_,,G.P. Podemos-En Comú Podem-En Marea,GP-EC-EM,area/madrid,Madrid,Congreso de los Diputados,11,,,http://www.congreso.es/wc/htdocs/web/img/diputados/153_11.jpg,male
e0914077-0e86-426d-bdcf-b000c5c48bba,Pablo Matos,"Matos Mascareño, Pablo",pmatos@congreso.es,,,G.P. Popular,GP,area/santa_cruz_de_tenerife,Santa Cruz de Tenerife,Congreso de los Diputados,11,,,http://www.congreso.es/wc/htdocs/web/img/diputados/68_11.jpg,male
f10320b2-628c-4a93-88f0-e70d36d5ddfb,Pablo Yáñez González,"Yáñez González, Pablo",pablo.yanez@congreso.es,yanez_pablo,,G.P. Ciudadanos,GCs,area/salamanca,Salamanca,Congreso de los Diputados,11,,,http://www.congreso.es/wc/htdocs/web/img/diputados/219_11.jpg,male
df260a18-cba2-4ac0-b9e0-fe9e6d1b7c50,Patricia Blanquer,"Blanquer Alcaraz, Patricia",patricia.blanquer@congreso.es,Patri_Blanquer,patricia.blanqueralcaraz,G.P. Socialista,GS,area/alicante,Alicante,Congreso de los Diputados,11,,,http://www.congreso.es/wc/htdocs/web/img/diputados/197_11.jpg,female
27c93a72-b524-4b07-8164-65414e8a0f35,Patricia Isaura Reyes Rivera,"Reyes Rivera, Patricia Isaura",patricia.reyes@congreso.es,PatriciaReyesCs,pato.reyesrivera,G.P. Ciudadanos,GCs,area/madrid,Madrid,Congreso de los Diputados,11,,,http://www.congreso.es/wc/htdocs/web/img/diputados/177_11.jpg,female
f839b691-88ef-425b-b338-2cdde16eadab,Patricia Sierra Rojas,"Sierra Rojas, Patricia",,psierra8rojas,,G.P. Socialista,GS,area/badajoz,Badajoz,Congreso de los Diputados,11,,,http://www.congreso.es/wc/htdocs/web/img/diputados/168_11.jpg,female
7b2ad2be-f8dd-4108-8e97-5da88489e358,Patxi López Álvarez,"López Álvarez, Patxi",presidencia@congreso.es,patxilopez,PatxiLopez,G.P. Socialista,GS,area/bizkaia,Bizkaia,Congreso de los Diputados,11,,,http://www.congreso.es/wc/htdocs/web/img/diputados/324_11.jpg,male
3985686e-dcee-4cf1-94b0-46ea56214955,Pedro Arrojo Agudo,"Arrojo Agudo, Pedro",,PericoArrojo,100010654239553,G.P. Podemos-En Comú Podem-En Marea,GP-EC-EM,area/zaragoza,Zaragoza,Congreso de los Diputados,11,,,http://www.congreso.es/wc/htdocs/web/img/diputados/65_11.jpg,male
e7d91367-5354-42c1-afbd-255fda10b3b4,Pedro José Muñoz,"Muñoz González, Pedro José",pedromg@congreso.es,,,G.P. Socialista,GS,area/Ávila,Ávila,Congreso de los Diputados,11,,,http://www.congreso.es/wc/htdocs/web/img/diputados/70_11.jpg,male
a6943bc4-969d-46d9-80da-de14232f710b,Pedro María Azpiazu,"Azpiazu Uriarte, Pedro María",pedro.azpiazu@congreso.es,,,G.P. Vasco,EAJ-PNV,area/bizkaia,Bizkaia,Congreso de los Diputados,11,,,http://www.congreso.es/wc/htdocs/web/img/diputados/121_11.jpg,male
146ed68f-1ffc-4191-b373-5e763c418150,Pedro Quevedo,"Quevedo Iturbe, Pedro",pedro.quevedo@congreso.es,PedroQuevedoIt,,G.P. Mixto,GMx,area/las_palmas,Las Palmas,Congreso de los Diputados,11,,,http://www.congreso.es/wc/htdocs/web/img/diputados/348_11.jpg,male
3f51fa82-1651-40ad-b019-b6cbf537b375,Pedro Ramón Gómez,"Gómez de la Serna y Villacieros, Pedro Ramón",pedro.gomezdelaserna@congreso.es,,,G.P. Mixto,GMx,area/segovia,Segovia,Congreso de los Diputados,11,,,https://upload.wikimedia.org/wikipedia/commons/2/29/Pedro_Gómez_de_la_Serna_2015_-_Zoquejo_Diario_(cropped).jpg,male
c8e86f72-fa36-452b-bf65-a5357757687a,Pedro Saura,"Saura García, Pedro",,pedrosaurag,,G.P. Socialista,GS,area/murcia,Murcia,Congreso de los Diputados,11,,,http://www.congreso.es/wc/htdocs/web/img/diputados/179_11.jpg,male
3df0069c-d88b-4267-ac68-f19b8c11bb8c,Pedro Sánchez,"Sánchez Pérez-Castejón, Pedro",pedro.sanchez@congreso.es,sanchezcastejon,pedro.sanchezperezcastejon,G.P. Socialista,GS,area/madrid,Madrid,Congreso de los Diputados,11,,,https://upload.wikimedia.org/wikipedia/commons/c/cd/Pedro_Sánchez_2015b_(cropped).jpg,male
ec653686-3406-40a5-9996-184821cc582d,Pilar Auxiliadora Serrano Boigas,"Serrano Boigas, Pilar Auxiliadora",pilar.serrano@congreso.es,pilar_serrano_,,G.P. Socialista,GS,area/málaga,Málaga,Congreso de los Diputados,11,,,http://www.congreso.es/wc/htdocs/web/img/diputados/5_11.jpg,female
91866180-2234-4630-a3d0-ff7f9272ae7c,Pilar Cancela Rodríguez,"Cancela Rodríguez, Pilar",pilicancela@congreso.es,PiliCancela,pilar.cancelarodriguez,G.P. Socialista,GS,area/a_coruña,A Coruña,Congreso de los Diputados,11,,,http://www.congreso.es/wc/htdocs/web/img/diputados/172_11.jpg,female
34294abb-e76d-4ad3-97a0-368b995a6c63,Pilar Cortés,"Cortés Bureta, Pilar",pilar.cortes@congreso.es,,,G.P. Popular,GP,area/zaragoza,Zaragoza,Congreso de los Diputados,11,,,http://www.congreso.es/wc/htdocs/web/img/diputados/215_11.jpg,female
d59f31b5-5f93-4e5d-b417-668f8c8c3105,Pilar Rojo Noguera,"Rojo Noguera, Pilar",pilar.rojo@congreso.es,rojonoguera,,G.P. Popular,GP,area/pontevedra,Pontevedra,Congreso de los Diputados,11,,,http://www.congreso.es/wc/htdocs/web/img/diputados/124_11.jpg,female
a46e6bf3-351d-4a4b-a5b1-df2db6322f11,Rafael Antonio Hernando,"Hernando Fraile, Rafael Antonio",rhernando@congreso.es,Rafa_Hernando,RafaelHernandoPP,G.P. Popular,GP,area/almería,Almería,Congreso de los Diputados,11,,,https://upload.wikimedia.org/wikipedia/commons/d/d2/Rafa_Hernando.jpg,male
3fc537b1-114b-4971-b0f4-af2bb30cca5c,Rafael Catalá Polo,"Catalá Polo, Rafael",,RafaCatalaPolo,,G.P. Popular,GP,area/cuenca,Cuenca,Congreso de los Diputados,11,,,http://www.congreso.es/wc/htdocs/web/img/diputados/21_11.jpg,male
24c2411e-38c8-4f22-b4eb-5f40749ae14c,Rafael Mayoral Perales,"Mayoral Perales, Rafael",,MayoralRafa,,G.P. Podemos-En Comú Podem-En Marea,GP-EC-EM,area/madrid,Madrid,Congreso de los Diputados,11,,,http://www.congreso.es/wc/htdocs/web/img/diputados/213_11.jpg,male
829d2f38-e913-4e2b-b865-18cc9dc8ea9a,Rafael Merino,"Merino López, Rafael",,RafaMerino1,,G.P. Popular,GP,area/córdoba,Córdoba,Congreso de los Diputados,11,,,https://upload.wikimedia.org/wikipedia/commons/1/1a/Alcalde_Rafael_Merino.jpg,male
c2a72e11-eb25-475e-89d9-566c81454954,Rafael Simancas,"Simancas Simancas, Rafael",rsimancas@congreso.es,SimancasRafael,,G.P. Socialista,GS,area/madrid,Madrid,Congreso de los Diputados,11,,,https://upload.wikimedia.org/wikipedia/commons/0/06/Rafael_Simancas_2012_(cropped).jpg,male
71864860-a182-41c0-8243-25b087fa8dbd,Raimundo Viejo Viñas,"Viejo Viñas, Raimundo",,_mundus,raimundo.viejo.v,G.P. Podemos-En Comú Podem-En Marea,GP-EC-EM,area/barcelona,Barcelona,Congreso de los Diputados,11,,,http://www.congreso.es/wc/htdocs/web/img/diputados/94_11.jpg,male
ab53ba9a-1537-4cc2-b20a-8a051b7e3565,Ramón Antonio Socias Puig,"Socias Puig, Ramón Antonio",,ramonsocias,ramonsociascoaching,G.P. Socialista,GS,area/illes_balears,Illes Balears,Congreso de los Diputados,11,,,http://www.congreso.es/wc/htdocs/web/img/diputados/193_11.jpg,male
8b983c15-2ba3-46d6-9a79-2f6379039905,Ramón Luis Molinary Malo,"Molinary Malo, Ramón Luis",,,,G.P. Ciudadanos,GCs,area/toledo,Toledo,Congreso de los Diputados,11,,,http://www.congreso.es/wc/htdocs/web/img/diputados/4_11.jpg,male
325e2adb-b9ed-4518-a6c9-82b8efd1f492,Ramón Moreno,"Moreno Bustos, Ramón",ramon.moreno@congreso.es,,,G.P. Popular,GP,area/zaragoza,Zaragoza,Congreso de los Diputados,11,,,http://www.congreso.es/wc/htdocs/web/img/diputados/129_11.jpg,male
ec71852c-20f8-418a-9c51-2f66f550ac16,Ricardo Antonio García Mira,"García Mira, Ricardo Antonio",ricardo.garcia.mira@congreso.es,fargmira,,G.P. Socialista,GS,area/a_coruña,A Coruña,Congreso de los Diputados,11,,,http://www.congreso.es/wc/htdocs/web/img/diputados/150_11.jpg,male
69b37b7e-a8ef-458f-846e-323b7b74dc59,Ricardo Tarno,"Tarno Blanco, Ricardo",rtarno@congreso.es,,,G.P. Popular,GP,area/sevilla,Sevilla,Congreso de los Diputados,11,,,http://www.congreso.es/wc/htdocs/web/img/diputados/128_11.jpg,male
3ec6b53e-c7fa-490f-b2aa-4b6f31e6febd,Rita Gertrudis Bosaho Gori,"Bosaho Gori, Rita Gertrudis",rita.bosaho@congreso.es,RitaBosaho,RitaBosaho,G.P. Podemos-En Comú Podem-En Marea,GP-EC-EM,area/alicante,Alicante,Congreso de los Diputados,11,,,http://www.congreso.es/wc/htdocs/web/img/diputados/285_11.jpg,female
5aff2fc6-b3bf-4e44-8866-116df38c0e2d,Rodrigo Gómez García,"Gómez García, Rodrigo",rodrigo.gomez@congreso.es,RodrigoGomGar,Rodrigo-Gómez-García-1418396158453116,G.P. Ciudadanos,GCs,area/zaragoza,Zaragoza,Congreso de los Diputados,11,,,http://www.congreso.es/wc/htdocs/web/img/diputados/253_11.jpg,male
3ccaf884-5c1a-449d-a4d1-6092f34ec52d,Rosa Ana Alonso Clusa,"Alonso Clusa, Rosa Ana",rosana.alonso@congreso.es,Rosanalonso_10,rosana.alonsoclusa,G.P. Podemos-En Comú Podem-En Marea,GP-EC-EM,area/cantabria,Cantabria,Congreso de los Diputados,11,,,http://www.congreso.es/wc/htdocs/web/img/diputados/79_11.jpg,female
c2ff8c01-90eb-48cb-99ac-08b15e92235e,Rosa María Romero,"Romero Sánchez, Rosa María",,rosaromerocr,rosaromerocr,G.P. Popular,GP,area/ciudad_real,Ciudad Real,Congreso de los Diputados,11,,,https://upload.wikimedia.org/wikipedia/commons/c/c5/Rosa_Romero_2015.jpg,female
fb3457e6-0ada-4257-a5ed-06b9fdbdcf38,Rosana Pastor Muñoz,"Pastor Muñoz, Rosana",rosana.pastor@congreso.es,,,G.P. Podemos-En Comú Podem-En Marea,GP-EC-EM,area/valencia,Valencia,Congreso de los Diputados,11,,,http://www.congreso.es/wc/htdocs/web/img/diputados/288_11.jpg,female
0f329fdc-797d-4946-971b-866914ddb642,Rubén Martínez Dalmau,"Martínez Dalmau, Rubén",martinezdalmau@congreso.es,rmartinezdalmau,,G.P. Podemos-En Comú Podem-En Marea,GP-EC-EM,area/alicante,Alicante,Congreso de los Diputados,11,,,http://www.congreso.es/wc/htdocs/web/img/diputados/350_11.jpg,male
5104611d-4bbd-49bd-bd22-e242e54bae49,Rubén Moreno,"Moreno Palanques, Rubén",ruben.moreno@congreso.es,,,G.P. Popular,GP,area/valencia,Valencia,Congreso de los Diputados,11,,,http://www.congreso.es/wc/htdocs/web/img/diputados/145_11.jpg,male
5a2b6af4-1064-4ecd-aca5-78756b3635ae,Salvador Antonio De la Encina Ortega,"De la Encina Ortega, Salvador Antonio",salvadordelaencina@congreso.es,encinasalvador1,,G.P. Socialista,GS,area/cádiz,Cádiz,Congreso de los Diputados,11,,,http://www.congreso.es/wc/htdocs/web/img/diputados/136_11.jpg,male
c87df071-d019-4c46-8941-9a9f40359a92,Santiago Pérez López,"Pérez López, Santiago",,santia2015,,G.P. Popular,GP,area/granada,Granada,Congreso de los Diputados,11,,,http://www.congreso.es/wc/htdocs/web/img/diputados/24_11.jpg,male
1366b4d4-536e-4a31-9707-be600efc317e,Sara Carreño Valero,"Carreño Valero, Sara",sara.carreno@congreso.es,,,G.P. Podemos-En Comú Podem-En Marea,GP-EC-EM,area/la_rioja,La Rioja,Congreso de los Diputados,11,,,http://www.congreso.es/wc/htdocs/web/img/diputados/143_11.jpg,female
f201529f-2bf3-41b1-be11-c013d0fd21d2,Saúl Ramírez Freire,"Ramírez Freire, Saúl",saul.ramirez@congreso.es,saulCiudadanos,,G.P. Ciudadanos,GCs,area/las_palmas,Las Palmas,Congreso de los Diputados,11,,,http://www.congreso.es/wc/htdocs/web/img/diputados/245_11.jpg,male
ffb2cc69-1ea8-49f8-8a6f-ce6819c9a861,Sebastián Franquis,"Franquis Vera, Sebastián",sebastian.franquis@congreso.es,chanofranquis,chanofranquis,G.P. Socialista,GS,area/las_palmas,Las Palmas,Congreso de los Diputados,11,,,http://www.congreso.es/wc/htdocs/web/img/diputados/289_11.jpg,male
9b3e3151-8b47-4108-be8f-5cee7058de0d,Segundo González García,"González García, Segundo",sgonzalez@congreso.es sgonzalez@podemos.info,Segundogg,segundogonz,G.P. Podemos-En Comú Podem-En Marea,GP-EC-EM,area/asturias,Asturias,Congreso de los Diputados,11,,,http://www.congreso.es/wc/htdocs/web/img/diputados/191_11.jpg,male
264d6f81-e7a3-4655-973b-115c959e95b8,Sergio Del Campo Estaún,"Del Campo Estaún, Sergio",sergiodelcampo@congreso.es,sdelcampocs,sergio.delcampoestaun,G.P. Ciudadanos,GCs,area/tarragona,Tarragona,Congreso de los Diputados,11,,,http://www.congreso.es/wc/htdocs/web/img/diputados/236_11.jpg,male
d41eb356-4233-458c-ad2f-de9b56b06002,Sergio Pascual Peña,"Pascual Peña, Sergio",spascual@congreso.es spascual@podemos.info,pascualsergio,sergio.pascual.p,G.P. Podemos-En Comú Podem-En Marea,GP-EC-EM,area/sevilla,Sevilla,Congreso de los Diputados,11,,,http://www.congreso.es/wc/htdocs/web/img/diputados/83_11.jpg,male
ee218b04-ba5d-4ec9-901e-8f6c6f12cc99,Silvia Valmaña Ochaíta,"Valmaña Ochaíta, Silvia",silvia.valmana@congreso.es,svalmana,,G.P. Popular,GP,area/guadalajara,Guadalajara,Congreso de los Diputados,11,,,http://www.congreso.es/wc/htdocs/web/img/diputados/15_11.jpg,female
b79d019d-4455-4a07-8428-cb2bf0ddf81a,Sofía Fernández Castañón,"Fernández Castañón, Sofía",sofia.castanon@congreso.es sofiafc@asturias.podemos.info,SofCastanon,sofcastanon,G.P. Podemos-En Comú Podem-En Marea,GP-EC-EM,area/asturias,Asturias,Congreso de los Diputados,11,,,http://www.congreso.es/wc/htdocs/web/img/diputados/76_11.jpg,female
a214de97-2687-4918-9129-29cee63a0012,Sofía Hernanz,"Hernanz Costa, Sofía",sofia.hernanz@congreso.es,Hernanzsofia,sofiahernanz,G.P. Socialista,GS,area/illes_balears,Illes Balears,Congreso de los Diputados,11,,,http://www.congreso.es/wc/htdocs/web/img/diputados/330_11.jpg,female
4ebb9b64-a540-4d7f-aaff-7b74823400d7,Sol Sánchez Maroto,"Sánchez Maroto, Sol",sol.sanchez@congreso.es,abrazopartio,,G.P. Mixto,GMx,area/madrid,Madrid,Congreso de los Diputados,11,,,http://www.congreso.es/wc/htdocs/web/img/diputados/184_11.jpg,female
a986b9d8-50a5-47eb-b2a6-5caa244f0f36,Sonia Ferrer Tesoro,"Ferrer Tesoro, Sonia",soniaft@congreso.es,soniafetesoro,,G.P. Socialista,GS,area/almería,Almería,Congreso de los Diputados,11,,,http://www.congreso.es/wc/htdocs/web/img/diputados/331_11.jpg,female
f3c14158-168b-40fe-9eb7-8d29efe83968,Susana López Ares,"López Ares, Susana",susana.lopezares@congreso.es,susanalopezares,,G.P. Popular,GP,area/asturias,Asturias,Congreso de los Diputados,11,,,http://www.congreso.es/wc/htdocs/web/img/diputados/43_11.jpg,female
be5325f6-9804-4a6a-b308-a0017392e691,Susana Sumelzo,"Sumelzo Jordán, Susana",susana.sumelzo@congreso.es,SSumelzo,susana.sumelzojordan,G.P. Socialista,GS,area/zaragoza,Zaragoza,Congreso de los Diputados,11,,,http://www.congreso.es/wc/htdocs/web/img/diputados/338_11.jpg,female
f3018769-b3d4-497d-a0cd-40b453d3428c,Tania Sánchez Melero,"Sánchez Melero, Tania",tania.sanchez@congreso.es,Ainhat,taniasanchezmelero,G.P. Podemos-En Comú Podem-En Marea,GP-EC-EM,area/madrid,Madrid,Congreso de los Diputados,11,,,http://www.congreso.es/wc/htdocs/web/img/diputados/241_11.jpg,female
a30b4018-6b4c-4797-9080-1ebd1a15bee7,Teodoro García,"García Egea, Teodoro",teodoro.garcia@congreso.es,teogarciaegea,teodoro.garciaegea,G.P. Popular,GP,area/murcia,Murcia,Congreso de los Diputados,11,,,http://www.congreso.es/wc/htdocs/web/img/diputados/31_11.jpg,male
01e93cfd-8ace-4b3f-a63b-0510a26a4e53,Teresa Jordà,"Jordà i Roura, Teresa",teresa.jorda@congreso.es,TeresaJorda,teresa.jorda.5,G.P. Esquerra Republicana,GER,area/girona,Girona,Congreso de los Diputados,11,,,http://www.congreso.es/wc/htdocs/web/img/diputados/277_11.jpg,female
62b92498-42d3-485d-8b57-f88a9fa02b59,Teófila Martínez,"Martínez Saiz, Teófila",teofila.martinez@congreso.es,,,G.P. Popular,GP,area/cádiz,Cádiz,Congreso de los Diputados,11,,,https://upload.wikimedia.org/wikipedia/commons/f/fc/Teofilamartinez.jpg,female
b8601e64-70e4-451b-9e0f-ef95673b4ad2,Teófilo de Luis,"Luis Rodríguez, Teófilo de",,,,G.P. Popular,GP,area/madrid,Madrid,Congreso de los Diputados,11,,,http://www.congreso.es/wc/htdocs/web/img/diputados/149_11.jpg,male
3847f9d2-f4ad-4ca8-85c0-c35f1c16004f,Tomás Burgos,"Burgos Gallego, Tomás",,,,G.P. Popular,GP,area/valladolid,Valladolid,Congreso de los Diputados,11,,,https://upload.wikimedia.org/wikipedia/commons/0/01/Tomás_Burgos_2012_(cropped).jpg,male
71aa4fe6-645b-4390-8c23-ff205bf8fcef,Txema Guijarro García,"Guijarro García, Txema",txema.guijarro@congreso.es,,,G.P. Podemos-En Comú Podem-En Marea,GP-EC-EM,area/valencia,Valencia,Congreso de los Diputados,11,,,http://www.congreso.es/wc/htdocs/web/img/diputados/287_11.jpg,male
8f80025f-8c35-4cb8-a033-3cfb88e2e086,Vicente Ten Oliver,"Ten Oliver, Vicente",,VicenteTen,vicente.ten,G.P. Ciudadanos,GCs,area/valencia,Valencia,Congreso de los Diputados,11,,,http://www.congreso.es/wc/htdocs/web/img/diputados/189_11.jpg,male
03b9c365-1a61-4bb5-a145-a49517dab894,Yolanda Díaz Pérez,"Díaz Pérez, Yolanda",yolanda.diaz@congreso.es ydiazperez@gmail.com,Yolanda_Diaz_,Yolanda-D%C3%ADaz-P%C3%A9rez-1388495761396359,G.P. Podemos-En Comú Podem-En Marea,GP-EC-EM,area/a_coruña,A Coruña,Congreso de los Diputados,11,,,http://www.congreso.es/wc/htdocs/web/img/diputados/139_11.jpg,female
ff5ffa72-2195-408f-bbed-1f43f9c576e2,Zaida Cantera de Castro,"Cantera de Castro, Zaida",zcantera@congreso.es,ZaidaCantera,,G.P. Socialista,GS,area/madrid,Madrid,Congreso de los Diputados,11,,,http://www.congreso.es/wc/htdocs/web/img/diputados/165_11.jpg,female
5cd5fb15-b6d8-447b-b3ad-bb90a9962c09,Águeda Reynés Calvache,"Reynés Calvache, Águeda",agueda.reynes@congreso.es,areynes2,agueda.reynes,G.P. Popular,GP,area/illes_balears,Illes Balears,Congreso de los Diputados,11,,,http://www.congreso.es/wc/htdocs/web/img/diputados/267_11.jpg,female
3fa055ec-bcb5-4102-afdf-a5f99a4581ab,Álvaro María Nadal,"Nadal Belda, Álvaro María",,,,G.P. Popular,GP,area/madrid,Madrid,Congreso de los Diputados,11,,,http://www.congreso.es/wc/htdocs/web/img/diputados/261_11.jpg,male
fd601c36-9252-4fb9-b76a-35fece048901,Ángel Luis González,"González Muñoz, Ángel Luis",angel.gonzalez@congreso.es,angeluisgonza,,G.P. Popular,GP,area/málaga,Málaga,Congreso de los Diputados,11,,,http://www.congreso.es/wc/htdocs/web/img/diputados/135_11.jpg,male
cb96569e-4614-48ca-b0c7-de9a4d1d90eb,Ángela Ballester Muñoz,"Ballester Muñoz, Ángela",angela.ballester@congreso.es,_ABallester,AngelaBallesterM,G.P. Podemos-En Comú Podem-En Marea,GP-EC-EM,area/valencia,Valencia,Congreso de los Diputados,11,,,http://www.congreso.es/wc/htdocs/web/img/diputados/283_11.jpg,female
6582bf87-0ac7-440a-925a-2884ed9e0b9f,Ángela Rodríguez Martínez,"Rodríguez Martínez, Ángela",angela.rodriguez@congreso.es,Pam_Angela_,pam.pololos,G.P. Podemos-En Comú Podem-En Marea,GP-EC-EM,area/pontevedra,Pontevedra,Congreso de los Diputados,11,,,http://www.congreso.es/wc/htdocs/web/img/diputados/273_11.jpg,female
697b7f05-e0b0-40ab-bde3-8ecb6bac20c6,Ángeles Isac García,"Isac García, Ángeles",angeles.isac@congreso.es,angeles_isac,,G.P. Popular,GP,area/jaén,Jaén,Congreso de los Diputados,11,,,http://www.congreso.es/wc/htdocs/web/img/diputados/244_11.jpg,female
0d75093f-535d-4b9a-a891-14488c0ee91d,Íñigo Barandiaran Benito,"Barandiaran Benito, Íñigo",inibaran@congreso.es,,,G.P. Vasco,EAJ-PNV,area/gipuzkoa,Gipuzkoa,Congreso de los Diputados,11,,,http://www.congreso.es/wc/htdocs/web/img/diputados/118_11.jpg,male
84a795fe-0ba3-40ca-a542-e4407cc5fd7d,Íñigo Errejón Galván,"Errejón Galván, Íñigo",ierrejon@congreso.es,ierrejon,ierrejon,G.P. Podemos-En Comú Podem-En Marea,GP-EC-EM,area/madrid,Madrid,Congreso de los Diputados,11,,,http://www.congreso.es/wc/htdocs/web/img/diputados/223_11.jpg,male
c6ddd231-f0a8-4cc0-bec8-492ba73ced3e,Íñigo Jesús Alli Martínez,"Alli Martínez, Íñigo Jesús",,inigoalli,inigo.alli.9,G.P. Mixto,GMx,area/navarra,Navarra,Congreso de los Diputados,11,,,http://www.congreso.es/wc/htdocs/web/img/diputados/71_11.jpg,male
8de70ab4-f40a-4032-aa1b-c2221da87322,Íñigo Méndez de Vigo Montojo,"Méndez de Vigo Montojo, Íñigo",i.mendezdevigo@congreso.es,IMendezdeVigo,,G.P. Popular,GP,area/palencia,Palencia,Congreso de los Diputados,11,,,http://www.congreso.es/wc/htdocs/web/img/diputados/262_11.jpg,male
534e1f8d-248e-4983-adf4-30a843a4f845,Óscar Clavell López,"Clavell López, Óscar",oscar.clavell@congreso.es,OscarClavell,oscar.clavell.7,G.P. Popular,GP,area/castellón,Castellón,Congreso de los Diputados,11,,,http://www.congreso.es/wc/htdocs/web/img/diputados/187_11.jpg,male
1562e177-2e71-44e3-81cc-0d418891e26e,Óscar Galeano Gracia,"Galeano Gracia, Óscar",oscargaleano@congreso.es,,,G.P. Socialista,GS,area/zaragoza,Zaragoza,Congreso de los Diputados,11,,,http://www.congreso.es/wc/htdocs/web/img/diputados/337_11.jpg,male
